Country Code,1990,1991,1992,1993,1994,1995,1996,1997,1998,1999,2000,2001,2002,2003,2004,2005,2006,2007,2008,2009,2010,2011,2012,2013,2014,2015,2016,2017
AFG,0.17057974421380767,0.1713866933977718,0.17213749280890134,0.17234526334981604,0.17243292230140359,0.17322560020835184,0.17136242625918602,0.16968729023848467,0.16860836166078877,0.16804468275121787,0.16769144597233207,0.17101435555758776,0.17493083996828035,0.17877653918879216,0.18214524172271632,0.18496705637773744,0.1799404584886065,0.17516946262510197,0.17143548525405655,0.16955919246957482,0.1699578247272843,0.17632784148153968,0.1847910188422519,0.19473513684059696,0.20530281344143586,0.21584500766871623,0.22393532971972743,0.2245709938807512
AGO,0.9211826258673741,0.9196615888368508,0.9183351267299313,0.9142962469369621,0.9159482931655574,0.9188737384597239,0.919928003603982,0.9210289785580803,0.9224104627727728,0.9236054542171965,0.9249239520623698,0.924881253276384,0.9234172604947428,0.9242746423296442,0.9261447683594074,0.9292053702852917,0.9311098820919835,0.9337899341770618,0.935467067333668,0.935406086225712,0.9357504334707464,0.9352988893309832,0.9356988616581918,0.9368689037010499,0.938037008800002,0.9392026098365966,0.9395726914948205,0.9404683963548882
ALB,0.7201408283641675,0.7452570349302657,0.7496892500177931,0.7407243729065727,0.7341814855371757,0.7261400471620058,0.7182693758601294,0.7225669969701839,0.7153099132873757,0.7069481885898392,0.7026902116184243,0.6993567331841012,0.6980963191122854,0.7004955551664668,0.7037159370011282,0.7076521808740474,0.7125093732555998,0.7176283004921558,0.7228401728342764,0.6990760874733046,0.7254699598065357,0.7313036254000982,0.7381762957228766,0.712735076367943,0.7011208396893276,0.7316645910057109,0.7292361329849418,0.7279650842095445
ARE,0.32375459004022106,0.3262547303471287,0.329367440908345,0.3314283210713675,0.33548591545483386,0.3392114804766207,0.34547801592339866,0.35169902541302944,0.35765474655496277,0.3632802102066034,0.3685107662969481,0.37551255630265756,0.38216300626080607,0.3887557117203843,0.3952998609718371,0.4016965633287137,0.4213459064323295,0.4393773392802453,0.4563887384267504,0.4617487684650122,0.4601610514836654,0.45844077608536504,0.4578345303011491,0.4560385434818466,0.4524019245521007,0.4479661299081196,0.4457109954049391,0.4447815202835283
ARG,0.5870282302600955,0.5966213937440309,0.6077313551676324,0.6157882586737666,0.6236803892273096,0.6242987078931447,0.6317711220392698,0.6410451005798425,0.6469486475149956,0.6467753044444265,0.6488027918228033,0.6490550387414884,0.6432846946695029,0.6526381895630066,0.6622481393963747,0.6535394016493207,0.6600753490885193,0.6526857243487071,0.6455719686509486,0.6548061830966657,0.6264554631990394,0.64564712222775,0.650284088247447,0.6464747388221814,0.6418101732830155,0.6461552741458316,0.646343760960734,0.6462500849034384
ARM,0.6949653098163987,0.6959936172447252,0.697561502175706,0.6996126916215321,0.7020112074669325,0.7046663093895893,0.7078952130584681,0.71120302997462,0.7145496950952973,0.7178669651264571,0.7210311308876455,0.7221635423594744,0.7227815077894681,0.7228246116313083,0.7222660922347073,0.7211741024781662,0.7191624863010954,0.716913616565025,0.7143456040955621,0.7136929497766679,0.6925814956671621,0.7348815121665421,0.7370278612034047,0.7458208451762532,0.7338493086211384,0.7292105794235497,0.728111564952957,0.7287578406545338
AUS,0.6905198911211828,0.6956725239172044,0.7000835251758373,0.7024840530140601,0.7141946899573067,0.7257089871934304,0.7304046427742852,0.733400768041106,0.7372254557205318,0.7418157171314437,0.7553795189462814,0.7655764422029487,0.769482909579083,0.7817494446390886,0.7789581090805233,0.790297507097396,0.7967693326987396,0.8016749924890527,0.8072239209902585,0.8132059372758071,0.8103106031945803,0.8160036170139805,0.819583954449306,0.8219431333392793,0.8259277900331162,0.8298858615081594,0.8382979584656718,0.8395961036056883
AUT,0.6206665041514879,0.6255374849062756,0.641614374152317,0.6514044606951589,0.6829685022128601,0.6940644411662101,0.6935182765612662,0.6998695673421117,0.7072605436257086,0.708725207751087,0.7104247428846276,0.7185428245517029,0.7351156576531025,0.7378844998323844,0.7610317903517784,0.7661842989551553,0.7727410320229107,0.7755473008358494,0.7844526804138109,0.7959229646952903,0.8002363191310086,0.8081050679174484,0.8152682211618842,0.8192581483288531,0.825406235553604,0.8263781036602156,0.8297393388969115,0.8324269432098343
AZE,0.7427439600085051,0.7437667525888436,0.7484097195116293,0.7581397055878359,0.7707237670938298,0.7810187447218334,0.7836742248032146,0.7844855004857931,0.7839013926563106,0.7850707937680141,0.8110927324366451,0.8356622854970343,0.8592940862226537,0.8819126012555891,0.9036194953538749,0.924734956030134,0.9454211388130046,0.966015724916684,0.9506998241020911,0.9349958066924183,0.9186511532048159,0.9023075224654858,0.9033841444167277,0.902286573275723,0.9058102569241249,0.910238476006645,0.9031615465879508,0.9054377474918344
BDI,1.003648198988627,1.004368971504758,1.0055062998159545,1.0070040665907558,1.008783443503471,1.0107631462803615,1.0111940697905104,1.0116532842243817,1.0121086234797345,1.014250672170944,1.0165013720844656,1.0186141167872402,1.020358222019025,1.0217576132214008,1.0228254351856356,1.0237046838277366,1.0240953940027087,1.0245464339453203,1.0251482368350873,1.025964120250081,1.0269683111926404,1.0295319149728785,1.0322260190181374,1.0350565775788254,1.0379036659058496,1.0362773645860528,1.0350061234617887,1.0356473455586392
BEL,0.6016588992178458,0.6216641006861664,0.6377885281586497,0.6552004411743586,0.65836059746458,0.6639165748801934,0.6672373567321812,0.6775831530575394,0.6873996984371078,0.7061529127597167,0.71002543541719,0.6923255619732613,0.70551492116351,0.7122901527082315,0.7324946169070313,0.7422086615139846,0.7504359412204824,0.7591853359671469,0.7680840107367335,0.7742774600414079,0.7812176282829609,0.784374834402704,0.7851509329038173,0.7971560680608353,0.8085077364742254,0.8119979878139955,0.8100874817335793,0.8139194304619873
BEN,0.6426234407081163,0.6427114791036415,0.6430733393142404,0.6588062248373409,0.675127732759,0.6920615579169717,0.70966572072932,0.7280307284388678,0.7471662190024932,0.7671533700626869,0.7880017028671089,0.8096775736957974,0.8323285692946082,0.8481751600286653,0.8636974801087546,0.8788128426924244,0.8935046109741496,0.9078584681231727,0.9218541934611315,0.9355482182271979,0.9489239467336262,0.9230518612789858,0.9252134378225295,0.9284431368167909,0.9317519181401559,0.9340423642572799,0.9363142231296979,0.939173148067951
BFA,0.8394700354962731,0.8400322273897072,0.8331842393892318,0.8263593997574026,0.8191556639160772,0.8119111779265785,0.8043441660533716,0.796256290133924,0.787959599197372,0.7793175008617415,0.7700850377290481,0.7604688741033062,0.7504529145799264,0.7403181181559827,0.7297657213546485,0.719123276410716,0.7078626943365267,0.7123674113187878,0.7176425965874499,0.7237852936512708,0.7308887666078671,0.738945263320179,0.7482299900118294,0.7589122641778667,0.7711524158017099,0.7731455516377264,0.7752805703987927,0.7736870897581601
BGD,0.26190773863092914,0.2631979126895794,0.26539632184312656,0.2684708135477617,0.27236809726647176,0.2770592870349669,0.2820137994856232,0.28782644797562046,0.2941331440319416,0.30039228119391786,0.30629057079308913,0.3105567869002744,0.3145730383975741,0.31830314507255797,0.3218036776720322,0.3252486475042855,0.32701191989904604,0.3345865067904101,0.3424248769980055,0.3505047033899101,0.3588525964680274,0.36712536067636736,0.3756343201044752,0.3844046161291247,0.3934454689487219,0.40273185770847236,0.41212955657214256,0.4139611697849728
BGR,0.8827869098061623,0.8844446835005403,0.886118460679216,0.8786003966419543,0.8697264024345943,0.8592517536959596,0.8485309115024182,0.8363234440519779,0.8227438918323551,0.807822722684614,0.791586173141467,0.8233731969646182,0.8242369707736539,0.8028146310416581,0.8068085545441468,0.7929078905532313,0.8062103463548983,0.803235722254849,0.7894038942895586,0.7881116960658455,0.8012700234537091,0.810860004206306,0.8146464129351384,0.8143480501400872,0.8093233498920229,0.8085555692987485,0.8016616150211354,0.8021561316498254
BHR,0.32711997333206305,0.33087881806629255,0.3382538414761324,0.3458034921904401,0.3534947043379594,0.3611278956466172,0.36960987428203496,0.3776044557021823,0.385354753413636,0.393205322479721,0.40127388989822904,0.41319734379838274,0.4239560729669909,0.4338721001774218,0.44306886839393295,0.45195845615038843,0.46172926905385736,0.4712075558807695,0.4807306734221524,0.4905073739762291,0.5008010401405986,0.49631262532677384,0.49744959179150716,0.49901699655973414,0.5009821227771535,0.5034886752733622,0.5048529277251831,0.5064403065782009
BHS,0.8162075841575687,0.8180164563413784,0.8202328309002535,0.8228512256140955,0.8258251725409725,0.829341733370895,0.8315884401060039,0.8335745496627898,0.8392133865136192,0.8466061191609059,0.8496310674939042,0.8525289604959192,0.8546783538530831,0.8528656130843422,0.8536033102097724,0.8570115256424817,0.8578307658816335,0.8579615200116559,0.8556638153162195,0.8525526293919551,0.8552794535637885,0.8546762079978537,0.8568302522282852,0.8563083196585108,0.8549360378942134,0.8522915127108701,0.8512745388672704,0.8533464899828981
BIH,0.6491598190493024,0.6476431421998634,0.6451100465019854,0.6420103621528181,0.639141549632073,0.6366452575518254,0.6359440177538513,0.6358567910872623,0.6357126500272573,0.6350398412968262,0.6342704225940354,0.6336281555733443,0.6327390290468847,0.631686197581114,0.630419261345645,0.6260000181818183,0.6248508106702895,0.6240260458362172,0.6235457096767649,0.6211318548983,0.6198314210198537,0.6185039930604721,0.6167107768634871,0.6158675303926878,0.6145488070895629,0.6106365676176326,0.5997619390200458,0.5995566378072119
BLR,0.787632152514991,0.7883660076076899,0.7869869402415186,0.7861336253822205,0.7859993892502127,0.7876973605929573,0.7911286799749915,0.7956799284774393,0.8006073512242562,0.8044017802749791,0.8096011537157493,0.8144719410966806,0.8179511952932967,0.8203389570930526,0.8220327270655903,0.8231709736135104,0.825095387226043,0.8264620342498521,0.8273426319974652,0.8275547694341705,0.8273124325106181,0.8277149738861945,0.8275974822293727,0.8271193714070056,0.8265623246804895,0.8259815908340502,0.8268555987527689,0.8269206414429042
BLZ,0.4212705299906834,0.4292729805424215,0.43885582161644077,0.44203004105654947,0.4384065496872261,0.4389259609076346,0.4421100405421644,0.4550222810570993,0.4678564559850306,0.4807069850517613,0.49357267595852966,0.5066998297955333,0.5199706307591266,0.533341493853238,0.5467803148550479,0.5601787532234073,0.5747472513530874,0.5900125232787412,0.6058537963924477,0.6222766107492134,0.6391556451231718,0.6465405682761912,0.6555853788060684,0.6507871265659922,0.6471926357649274,0.6449987450431365,0.6503488037828032,0.6552492112
BOL,0.6827688151244521,0.6869377781441665,0.6905478961379553,0.6950951882129193,0.6999018315815247,0.7047409263510663,0.7090299720238542,0.7136825917835942,0.7176064306267688,0.7214693262376461,0.7256953630354838,0.7317740687337343,0.7378555352916712,0.7439827768481835,0.750142493083976,0.756208832471015,0.762066366764566,0.7473703481360593,0.7589751729152894,0.7618495139906156,0.7559144663699613,0.7508921248036351,0.7241857641594114,0.7360386242287242,0.7443987209024725,0.6835537831867465,0.6891797029986844,0.6905978652168214
BRA,0.5042526621024975,0.5172825347171289,0.5304802514676168,0.5438581385579481,0.5573820761759242,0.5710448499245547,0.5850189585356865,0.5991526896235276,0.6134281204069805,0.627805437567897,0.6422951647461062,0.6569595802832464,0.6745957415181401,0.6820489629205311,0.6915886741442236,0.6994876576136128,0.7074527106716026,0.7075218409325501,0.7101965316931449,0.7128948656328704,0.7024400766454987,0.6919039954421159,0.6961557427103958,0.6961001304726754,0.6986479275350708,0.7077151639798042,0.7114817375483266,0.7118639492348531
BRB,0.789215377967948,0.8045525581773993,0.804615923100093,0.8119196552987077,0.8189771410961767,0.8229997003042028,0.8585387955890804,0.8360912079202658,0.8376762552712872,0.8393463219266956,0.8411181255241265,0.8424759561505413,0.8437653357958654,0.845116326155018,0.8483539019706946,0.8510073551636009,0.8536412761187434,0.8561087924761986,0.8585169862734588,0.8609385536348617,0.8691343000217395,0.8672677809894268,0.8623895767610413,0.8779766652843616,0.8958275393564117,0.8844597437607568,0.887539702074056,0.8888239001745548
BRN,0.5599314772718522,0.5654067947112436,0.5795807880375123,0.5940060658762846,0.6087752330870314,0.6241572142138045,0.6380234551765832,0.6525604529771153,0.6679321980896482,0.6835558938129506,0.6987386400360587,0.7111796683963925,0.7145638479022554,0.7179101013777507,0.7215943303051924,0.7257957298321271,0.7333815410165205,0.7406151539963511,0.7472671155607584,0.7533528567709097,0.7592481261842541,0.7659769671654537,0.773317390971436,0.7812079818109745,0.7893046590547316,0.7892582351470395,0.7885596386700556,0.7903405405387615
BTN,0.6742015423883723,0.672095353143633,0.6718096549790081,0.6724092538910219,0.6723791790507829,0.6711311465544568,0.6837877200251565,0.6973376565234377,0.7120409285607795,0.7291277309493552,0.7490804648438436,0.780934564514851,0.8108889971755237,0.8360068777546914,0.85464193130829,0.8670664178190638,0.8769275505108901,0.8834367995879362,0.8866531675417201,0.8874064547652071,0.868658986029756,0.8549813246356496,0.9434408060020141,0.7990305318261344,0.7585164215316562,0.7792917287015177,0.7762033243960103,0.7813396055812912
BWA,0.6108332385783001,0.6182758311205605,0.6245212623035541,0.630854523953543,0.6386912483797345,0.648764458217274,0.6570292378412732,0.6674224281884162,0.6767817841644632,0.6949605615235964,0.7173600726007098,0.7267394023871505,0.7357521035735182,0.7444822609742213,0.7529489351346206,0.7611980090413245,0.769529838500617,0.7795815604697466,0.7895887557687079,0.7995111628115573,0.7958916960300099,0.7980266734878341,0.8091069958828643,0.8247710225965142,0.8287070130788794,0.8310265942431899,0.8339639315655475,0.8366784940637574
CAF,0.8022619000345311,0.8017357280744265,0.8006442131876184,0.8018193229906542,0.8045225517508042,0.8081638053724994,0.8067802456952743,0.8080326444437516,0.8096509866884186,0.8115905352220731,0.8126558056789223,0.8120492542720181,0.8121566979743851,0.8108470900130317,0.8125151246979615,0.8133059305055725,0.812042410483814,0.8112794105316523,0.8105304965253235,0.8103883572809153,0.8113377673884054,0.8075111901279691,0.8045303773991859,0.7916568295689892,0.7898729269144624,0.7896782542999657,0.7929563402249911,0.7921856913302606
CAN,0.7619448921566062,0.7717963719246567,0.7766475201424159,0.7795216582445194,0.7796277852661934,0.7858002838623294,0.7888549133650156,0.7928238390034945,0.8020910058242736,0.8063027948832411,0.8131212958314281,0.8185542415508071,0.8265741238502697,0.8355814466787399,0.8398459413888802,0.8394665363638321,0.8486168435975877,0.8552831570311592,0.8539663475985847,0.8621169663641984,0.8658492280417966,0.8641752482384715,0.8686347360319946,0.871439888821265,0.8671218982921829,0.8625769623735604,0.8673579547075021,0.8690714650243131
CHE,0.7085891033677626,0.7039532080025069,0.7141341279027458,0.7109821787527827,0.7068644060775496,0.7053239605059168,0.7220250853655996,0.7266009203731105,0.7418613771581312,0.7466011326663058,0.743874307933247,0.7625823609320552,0.7746587527218218,0.7775181134725231,0.7813980000638738,0.7924274640843075,0.7947530120355152,0.7934020960300346,0.8149489279363158,0.8193539364212519,0.8063843084372079,0.8118643747310063,0.8191105932225065,0.8267118803269159,0.836730825649206,0.8406084418999482,0.8449353049615885,0.8479175983579043
CHL,0.41689411323656506,0.4141024340064281,0.43852513255240777,0.454573434142444,0.45548470503211425,0.4463513002212601,0.454893545674153,0.4677166959138385,0.4778701777092806,0.4816250972225489,0.4788007584489706,0.477045431602531,0.4826197545178101,0.5013852030729355,0.5291747936662478,0.5251609084530291,0.5346586115561872,0.558567071741363,0.5803276827343471,0.592099713769176,0.6276960116504204,0.6485014750183037,0.6545185835261669,0.6621558417185807,0.6711831603470705,0.6695081725310456,0.6773798800720106,0.6796920356361387
CHN,0.8632653812315757,0.8624482416749396,0.8612891545430914,0.859925115475071,0.8585480870162576,0.8572812721041629,0.8562241683270788,0.855255010070169,0.8544200402180908,0.853873898812144,0.8537010713564012,0.8506258791921558,0.8475946443070873,0.844426033713429,0.841006467587722,0.8373696889380536,0.8336803602420217,0.8300345401981264,0.8264257334073165,0.8227595308891871,0.8189137478429995,0.818039016254479,0.817091646815406,0.8163293948380713,0.8151962732793249,0.8137316677031773,0.8120271576536942,0.8083612303634864
CIV,0.5741259864133362,0.5748046241273899,0.576198175093209,0.5781574881024701,0.5805983115391382,0.5847263103489133,0.5865074981461331,0.5874315259209658,0.5889277574787521,0.5935420479835637,0.5984275574013638,0.6035900133302506,0.6091194190582143,0.61504900300734,0.6213798304938398,0.6280792553052749,0.6349817725282452,0.6422488144691858,0.6499144277024947,0.6579895299447681,0.6664452648141548,0.6752160513184015,0.6843910199373517,0.6939550535271696,0.7038946846911422,0.7142262465252686,0.7249563073947043,0.7271422017688649
CMR,0.8486490141110659,0.846299820592421,0.844673366547053,0.8426526266683637,0.8433291658470101,0.8450462545688501,0.8462181011978375,0.8481577322803097,0.8505929650026532,0.853171167249102,0.8558408469045845,0.857465757618686,0.859073942165986,0.8607431284139619,0.8624027934269678,0.8638256046184127,0.864203378529925,0.8649591992537341,0.8658277423419253,0.8665536656715257,0.8675254154263267,0.8679560548635449,0.8687381988056317,0.8700181354417406,0.8717649750314036,0.8739597239618527,0.8756445372334669,0.8768218068242081
COG,0.9228987608437441,0.9259655161198721,0.9297160830641049,0.9323305084631767,0.9329114577770439,0.9370582880068262,0.9399439031171346,0.9405121696482066,0.9425592717229695,0.9418720151064351,0.9452442396329916,0.9448229723576504,0.94524323410928,0.9442445529741448,0.9439722339543929,0.9447701361229293,0.9453641027555368,0.9423331388393944,0.9420904996391882,0.9429915647898836,0.9450889847585384,0.9411231868144604,0.9386095645915309,0.9370400735054528,0.9376378095024879,0.937403684788779,0.9361432656209493,0.9365924701259914
COL,0.3821127789709553,0.38811879356343976,0.3946791622773071,0.40035644625917516,0.41663179543956774,0.43318721626494755,0.4499540452261417,0.4669100061961666,0.4840379550798986,0.5012653991652154,0.5185383235482551,0.5357881857770409,0.5530004576884279,0.5701429612539495,0.587170233282451,0.6040202966973618,0.6206665003476957,0.637063669729445,0.6532022102979529,0.6690535880044735,0.6814070050226884,0.6903117802356902,0.6994137287637339,0.7061593752076303,0.7028120568158954,0.7117956308256691,0.7100740372586869,0.7120197910663835
COM,0.5837618852388347,0.5785034606620516,0.5823247200633433,0.5843976149418796,0.5829431160704434,0.5878646207084096,0.590306794260438,0.5966304910489292,0.6023851578102597,0.6094450471082519,0.622577621803552,0.6298794430575918,0.6380963300757646,0.6466607985625639,0.6550584617006179,0.6635598127660737,0.670212350546102,0.6753254868946345,0.6798588906795797,0.6851257416750567,0.6902980157534698,0.6941619975117518,0.6983684697789242,0.7029712695013102,0.7067792014207658,0.7101909734011783,0.7135275699017258,0.7161212049483985
CPV,0.49577820865445954,0.4950332927001728,0.49633166642847887,0.4977047759677061,0.5016275187909961,0.505604482411802,0.5091404852280372,0.5133462079740615,0.5186489382869304,0.5247506853451689,0.5325803997050572,0.540181350441087,0.549430108899618,0.5594869236462687,0.5716180739231513,0.583534853220677,0.5942322898641468,0.6064367666469531,0.6164411446770302,0.6240843679592911,0.6322780132407639,0.641723698711132,0.6509769783349406,0.6603181294326033,0.6697323124985183,0.6785379955171517,0.6889755483639737,0.6934845215897572
CRI,0.39202440068730093,0.408993005244041,0.4063530584119423,0.41469892574384337,0.42847376049663227,0.4361191319154477,0.4294642181280938,0.46063620432577407,0.4871473928026384,0.49298679728367034,0.4796262050757471,0.5150847019663674,0.5236282770090025,0.509990791424196,0.513925796903854,0.5554658159860147,0.558227765624534,0.5687020925747257,0.5803150753356278,0.5955918256425146,0.5727761218326575,0.5929063702513672,0.5959436977871748,0.6045588661834541,0.6434934505950464,0.6447794272947496,0.608575135506466,0.6131380340857427
CUB,0.5602955535360047,0.5427060717279346,0.5240166771318999,0.5013489182259446,0.4991914336179935,0.49904964430110105,0.5069965834924942,0.5084955945346861,0.5071754344236715,0.5130825826948646,0.5200703008193754,0.5247159720332585,0.5291763241981605,0.5366581284038243,0.5453642382635512,0.567788057284894,0.5909279581835355,0.6084921176583481,0.6112498827087472,0.6160324966929025,0.6151104446022048,0.6170463892042852,0.6191898145015877,0.6206993060116879,0.6195081477390034,0.6204824460907141,0.6167472689949657,0.6156450164871157
CYP,0.6293266832299373,0.6355677634935307,0.6508785278546609,0.6365010400453122,0.6618643318863133,0.6457288853758745,0.6519430735761381,0.6831459695992096,0.6811274331607009,0.6805187052336198,0.689933723666623,0.7237093040381867,0.7376973787358124,0.7465995493634554,0.7389412731868013,0.7321305691673091,0.7486785066070776,0.7677336475970719,0.779422049557185,0.7985951078778557,0.8161675374947525,0.8153638969703891,0.8071402492350946,0.8127970665763617,0.841036407385151,0.8584521175140635,0.8576007073015762,0.8599052164478413
CZE,0.733266415668938,0.7320836709752586,0.7336330569341635,0.7347632602859414,0.7372437059329588,0.7332052102360359,0.7266787503006757,0.7333086157025073,0.7372193177445515,0.7440638488398189,0.7452044976218828,0.7435384262122737,0.7384766765198318,0.7471569134399249,0.741905267415706,0.7373580055929276,0.7378048163951002,0.7292927781312784,0.7238789775878844,0.7258851629884928,0.724522097515556,0.7325972631474444,0.7396038187953405,0.7481950607461545,0.7457240026703896,0.753535307469263,0.7586146524219352,0.7606541171610047
DEU,0.6234079969049434,0.6626332622659299,0.671196141175037,0.6731753485365862,0.6833673388018876,0.6894177621549882,0.6945557036539322,0.7024873421087182,0.7085960894225735,0.7186095314978835,0.7243242413037622,0.7346668091184791,0.7445394208668725,0.7531414492822212,0.7559646330071839,0.7599718601401221,0.7723311165797111,0.778617709533033,0.7814720534995396,0.7890854914186097,0.7942703143141792,0.8041032308481172,0.8064026678864165,0.8150493618500648,0.8194786495923938,0.8246949210091725,0.8292844457115665,0.8316255748562247
DJI,0.5744477371907305,0.5718962825406186,0.5741540744348664,0.5772782479551916,0.5815911093227626,0.5832478828894814,0.5863301448247725,0.5880417900966093,0.589028704656601,0.5920486468096597,0.5974112994797478,0.6013591259020371,0.6081273997115233,0.6167928405616163,0.6255332607888345,0.6330632082603992,0.6402920072523114,0.647177178586486,0.6541225842104227,0.6613340566963014,0.6688280011737359,0.6776789294902542,0.6867842649003096,0.695926128454066,0.7052248227840653,0.7143916290414911,0.7212087509330171,0.721811213261736
DNK,0.8265325463579924,0.8384645049075541,0.8461760582615275,0.8464503853581778,0.8113109065765147,0.7933848184044214,0.7991160717218633,0.8027075327149694,0.828271193014448,0.8263210801451673,0.8374123129571261,0.8396984107331469,0.8357942254675276,0.8321049695363488,0.8402689166829672,0.8472062379110092,0.8550197985703508,0.856561593924543,0.8574297426387333,0.8636117707140477,0.8657863814766578,0.8716963370039833,0.8775853264434471,0.8855333600647546,0.8754791687468181,0.8685901391966503,0.8801044897759182,0.8809187117104611
DOM,0.5193272274633177,0.5188412033442967,0.529802203983022,0.5366558672687581,0.5375202267882195,0.54277639500566,0.5505127314008055,0.5598231968988445,0.5682091672035368,0.5760736079611459,0.5822561604298144,0.5842088129562912,0.5905552512384207,0.5889411327700744,0.589531399158154,0.6001819657846319,0.6125109685715217,0.622897157674277,0.6115747489450701,0.6004651677327554,0.6263609622369449,0.6449444525841402,0.6542308330076083,0.6592223532369789,0.6677837114488873,0.676311345257041,0.6829939965624101,0.6843410079042931
DZA,0.15038066632424935,0.14993371114688842,0.15036745526799514,0.15016568583431622,0.15043112848733672,0.15187267559545117,0.1531976961339414,0.15391731026261551,0.15517444655566917,0.15696763570337466,0.15932320314206125,0.16218662667863862,0.1656045655763189,0.16955082381372438,0.17399540975336192,0.1789142404675741,0.1842969404378971,0.19020087971106384,0.19667930223981075,0.20375204821361628,0.2052793906656333,0.21930406038562375,0.23440400507535966,0.24049461240070744,0.22757618836319993,0.22600119969715507,0.22442984445285785,0.2261988008951465
ECU,0.5616002416623852,0.5678845873189596,0.5735609345958862,0.5794506024601193,0.5865047676867713,0.5925867468937065,0.5982550610698956,0.6039251053459912,0.6264870680910372,0.6310704364271631,0.6358485626190459,0.6408049543616241,0.6459933257218434,0.6631333596041868,0.6633335726060758,0.664591205621777,0.663388599419377,0.6557373033096398,0.6482120512163679,0.6407859949911004,0.6197231697382855,0.61441344150489,0.6298856895989059,0.6221285751837357,0.60618210000592,0.643012880198946,0.6851221891287527,0.6815292244381294
EGY,0.29441952708014196,0.2940747193537264,0.29590878856586655,0.2979987487661836,0.3048036272007083,0.2908939710222842,0.28176281482810367,0.2730156697339049,0.26460878564678425,0.271157950687625,0.27406182822409025,0.2812898259798763,0.26323585377707537,0.2672235428409737,0.27188012307834647,0.2773125396427723,0.2837738351464973,0.3095905717012832,0.3076041036285857,0.3058442575800086,0.3005515090205812,0.28948688111277915,0.2914530519934102,0.3011590820487329,0.30104896915834906,0.301754560679698,0.2996234718168028,0.3009170061840059
ERI,0.835877905878202,0.8301561201531117,0.8248753008892752,0.8225882603208022,0.821963372951075,0.8192873365420844,0.8244164779424782,0.8295552682792187,0.8338697539711751,0.8379727184442956,0.8414668858540254,0.8485984349481869,0.8546883905542046,0.8595479712420985,0.8646615351951201,0.8694178358907344,0.8686673304094292,0.8679733530135207,0.8648878180973583,0.8638566305965149,0.8623678984494461,0.8620741237189878,0.8615993227001661,0.8606029600129924,0.860288719988544,0.8603843956488649,0.8624656833895669,0.8631812497658808
ESP,0.5009771109936689,0.5062123284522199,0.5230922849968358,0.5349630971793562,0.5579427847072922,0.5722374803686577,0.5793956445741301,0.59010916117527,0.593036737430014,0.6006886122099698,0.6175642918595192,0.603019556181658,0.6345030474769761,0.648778436306724,0.6658478441045341,0.6780162204389351,0.6957433840578081,0.7087284972422806,0.7268244169471454,0.7511835008980866,0.7658158099396158,0.7818274799129247,0.7957795680257022,0.8033435035114503,0.806193869752699,0.8085560100911997,0.814305082894252,0.817698630863734
EST,0.7477405079114993,0.7475307379331613,0.747590183318397,0.7473785649044674,0.7475120571322932,0.7489148931638563,0.7585708370824258,0.7707886120470867,0.7585929175262576,0.7670935793468947,0.7895668485467655,0.7954566064325277,0.7980798116470692,0.7853283543267763,0.8098955820371604,0.8263898775805342,0.8101490608232248,0.7911346492485236,0.7950058689162647,0.8029071286483833,0.8204115369662677,0.8183224702785699,0.8107225132333566,0.809994306936597,0.7922877043826035,0.8054145469059204,0.8002748947472846,0.8022517878534344
ETH,0.741648783927916,0.7394600537194898,0.7372760972214866,0.7381961264215312,0.7382101465429789,0.7496503822765174,0.7606364852908247,0.7713459520898909,0.7817178596516111,0.7916758746007448,0.8048181181134986,0.8173739890984018,0.8294863104851122,0.8411454295865735,0.852391634466096,0.8632059583874612,0.8629182750770029,0.8626987804216544,0.8625049743515366,0.8623047399414308,0.8623098637229902,0.8623411349049768,0.8622889442035229,0.862322893725729,0.8674068342022879,0.8725536983179057,0.8769989946837853,0.8792530595828792
FIN,0.8197942693870167,0.820859226140784,0.819341669800729,0.8178133454436348,0.8184575222103245,0.8384375290359998,0.8532415456896691,0.8354634765118207,0.8389734690887557,0.8531400899680733,0.8487122970599879,0.8536633514524959,0.8608280863393126,0.8587640510064499,0.8655016159804219,0.8734863143220511,0.8754964727818557,0.8792454878526457,0.8726016231133301,0.8902575674428481,0.8772548372296628,0.8714749848047452,0.8800515979296137,0.8841240248889,0.889533519251724,0.891359515708437,0.8842013435581517,0.8855979169935231
FJI,0.5001189898102887,0.4998126808893237,0.49947975971136493,0.4991655066014631,0.49889833280241486,0.49859413217223875,0.49854395081525754,0.5003259237405518,0.5021874436495393,0.5041311221258881,0.5061117673236073,0.5080709261739905,0.5100827290681339,0.5121315270815886,0.5141795922654508,0.5162698738230188,0.5191184269425227,0.5221768607584301,0.5234669637508677,0.5253331428664898,0.5277526318103282,0.5303882197881198,0.5334337083888466,0.5368125964846456,0.540437375405383,0.5407394692921312,0.5402482975496267,0.5407018411646668
FRA,0.7052197121896766,0.7185840565005261,0.7261901250715233,0.7387690170828861,0.7463255467608296,0.7558994232458272,0.758430043583499,0.7563122215648561,0.7643367926783802,0.7691319842324169,0.7725748403451546,0.7726865967641496,0.7734461150863259,0.7926858370572354,0.7913654457901674,0.8011925800254247,0.8056185035151369,0.8130624563070298,0.8162493014602763,0.8204162783082704,0.8218557082666409,0.825032938470241,0.8254217865359121,0.8314641513940606,0.8348837732715527,0.8356780654490582,0.8385458019335977,0.8410652142809081
GAB,0.620155842442143,0.618910755738943,0.614173780545315,0.6140801218678061,0.6149588673213596,0.6175641530843123,0.6200414786194398,0.62443431835069,0.6285714342289908,0.6269026328540305,0.6297463263931791,0.6356140451409562,0.6409589387026728,0.6478724146807865,0.6537556651532619,0.660736748011502,0.6656668476522335,0.6743414426080908,0.6769089421536949,0.6804394295161926,0.686935995683002,0.6946616310546773,0.7014645607540749,0.7082718843318565,0.7141954078666044,0.7200360347590193,0.7178863479714582,0.7215132265630041
GBR,0.7018209292775972,0.7056579711237609,0.7150072772638741,0.7273198773656343,0.7310974414020802,0.733926462897533,0.7430283447641163,0.7502887087485908,0.7545103443801241,0.7610875332359139,0.7657353390045026,0.7715904497683289,0.7810319839965827,0.7774669436718016,0.7873235112037974,0.7903305563550567,0.7937453533227667,0.7927343310866737,0.7952145533184082,0.8052124690657402,0.8088771976121744,0.8129649322956376,0.8144730124570222,0.8208666874725996,0.8266793863214169,0.8293810306364681,0.8327685474155618,0.8341922641991069
GEO,0.767456248950891,0.7742340151516576,0.7822783850818017,0.7917980109244303,0.8030387171830632,0.7972980250616036,0.7837506032324967,0.7731057055197262,0.7704950387803295,0.768662001129394,0.7397651368481363,0.7629287813708275,0.7506083839999163,0.7614133515498829,0.7638688765009335,0.7562406847331932,0.7482980444290116,0.7403599844584782,0.732661433651965,0.725555602716795,0.7463895561043234,0.7328051777922078,0.7323131058312256,0.7317590443421604,0.7336663948739109,0.7480654842657604,0.7339791011619441,0.7342376486197432
GHA,0.9216417700414559,0.9239197440057424,0.9263842511382077,0.9294543140596143,0.9324546923369907,0.9358754346376258,0.9382455992020223,0.9406097230928728,0.9433128984139956,0.9462587011595432,0.9493518246957181,0.9471622779535742,0.9452136573186051,0.9435925160688848,0.9422598053200171,0.9411498919533243,0.9400883250785462,0.9393214020123142,0.9388187690822483,0.9384772807374354,0.9382461481801728,0.9378890386053882,0.937345115349406,0.9366553884580442,0.9397135961370287,0.9426554417696871,0.9447322285597833,0.9444129495731761
GIN,0.9242500264272787,0.9189792954181488,0.9150754051243877,0.9130024426309248,0.9122773295204619,0.9148383550598845,0.9133311248791106,0.9139107176661327,0.9155406663660008,0.9185775738074159,0.9217787160555467,0.9226208683913675,0.9251928109765044,0.9266206504143317,0.9291149976503967,0.932285105265735,0.9334849917873476,0.9350677734796068,0.9387581330993428,0.9401068725119256,0.9428939590027882,0.9456536058830848,0.9491941660287073,0.9524212935391803,0.954889457247646,0.9572349458005442,0.9619924805133281,0.9631350108762454
GMB,0.649117495776169,0.6440355653771285,0.6413986704939467,0.6410175684345362,0.6461694267198324,0.6514880415368113,0.656950335688641,0.6624616321888713,0.6679780510479603,0.6733906764857056,0.6786819456150309,0.6840368659587306,0.689310932102711,0.6945182952977154,0.699750134982207,0.7050380982241213,0.7103095856863524,0.7156140488288157,0.7208859819422432,0.7261028696848523,0.7312101437686768,0.7362313754555778,0.7410834037775713,0.7442380914304921,0.7466662902865115,0.7515940963709054,0.7541745900808994,0.7562224933784788
GNB,0.7887444968458427,0.7892573830272583,0.7892189747622681,0.790014538689316,0.7921610525228211,0.7958381674118346,0.7970731060729405,0.7988012749498127,0.7928679353059762,0.7948306887457725,0.7978448129474782,0.8004623283165134,0.8026305076061542,0.8053922150672891,0.8089153670965582,0.8129504509159253,0.8159197371609045,0.8193080296739321,0.8227323115649258,0.82605193070245,0.8294063879576691,0.832008335984401,0.8323490040608778,0.83350197103274,0.8351265257605435,0.8373452898356835,0.8385443576183905,0.8399913122279625
GNQ,0.6707017963044276,0.6698328128983647,0.6774484480106779,0.6785557572905011,0.6827009403617845,0.689193854233384,0.7136809981828199,0.758215551246641,0.7731893204258227,0.7871263523721269,0.7964708329428412,0.8264389071227214,0.8397754914972975,0.8484833807980955,0.8671935906499046,0.8744453291073595,0.8842027734976192,0.8978296511989202,0.9106664321186055,0.910400198849552,0.9015828205501702,0.9082005401097077,0.9163794200558697,0.9137155889051692,0.9117896971324817,0.9036445648537975,0.8963555024316576,0.9007281813034533
GRC,0.537287837956571,0.5143847793947419,0.5331264533034495,0.5372691544690711,0.5437039071428751,0.5533766746871157,0.5727211447080091,0.5782028501967295,0.6002769273750121,0.617713256005123,0.6171475678223287,0.6123708468786453,0.6243389755672678,0.6336527008705087,0.6523475208757092,0.6580593930417084,0.6626704230089389,0.6637149216789305,0.6645920097814584,0.6820967977469165,0.6941212835919348,0.7021347280703605,0.7153104258174965,0.717284973663399,0.7294862074488653,0.7448282308361666,0.749643230501985,0.75102337709426
GTM,0.44574209730221237,0.4478683369981356,0.451091292843641,0.45329279175735193,0.45626345734951584,0.4611760078411191,0.4625023212400842,0.46663953323660967,0.4722264401433908,0.47630044992298326,0.4796492623682857,0.4817291086593254,0.4853512457056435,0.4871941418534831,0.49056557886330526,0.5090724147354121,0.5296465707048681,0.5192702378429809,0.5086907104261351,0.497966950071656,0.48747163147370004,0.47710925172417673,0.5247611354822131,0.48664525092000827,0.48405803882652587,0.45713785501763143,0.47820205010694333,0.47807364812078157
GUM,0.7099816851753914,0.7090005616565607,0.7086257396199657,0.7084489877446853,0.708994139088192,0.7093008740844303,0.7092284697495834,0.7091354411872125,0.7091939917313658,0.7084093707291427,0.7080313704544571,0.7068009144669017,0.7057826040721059,0.7044616388334568,0.7033781897516656,0.7024357968402996,0.7016051177872229,0.7010382082029764,0.7001127785380523,0.6984996752594159,0.6975086960252641,0.6968582105054179,0.6960782012229286,0.6952515830605001,0.6942833580119634,0.6933006938898298,0.6920967917266504,0.6906513760505515
GUY,0.4508153322820825,0.4605156335472734,0.4706897442154213,0.4799658251780307,0.4754098260795978,0.4708210890585155,0.46576394461772097,0.46068879111927724,0.4556279904924462,0.45057776613329237,0.44554266075776305,0.44109209001413097,0.43658708951456376,0.4334632425633607,0.4368974082649838,0.43697758450016266,0.4475726761359341,0.461253502574701,0.46992455595944654,0.47908949593945177,0.4876574906066594,0.5008475141040184,0.5121331586972329,0.5229227838763578,0.5314141651131019,0.5382854911346436,0.5434616550619149,0.5458543655739316
HKG,0.5973463921587392,0.6104161031251777,0.5992956350630608,0.594558524102183,0.6055757001383146,0.6178500118506993,0.6261264539133929,0.6339075384488252,0.6460925403510661,0.659936841600117,0.6740661163686356,0.6903693148402827,0.7133158465310828,0.7138666909930032,0.7198804882748036,0.7281337374956113,0.7365999001691291,0.7470332122377413,0.7568565265752052,0.7629877925654796,0.7548580618381322,0.7703042614443779,0.7778200003885489,0.785157043110398,0.7913898917572655,0.7958969092251412,0.7932487512936642,0.7938199179675527
HND,0.48388434991516666,0.486651384158628,0.493088471102246,0.5007772748449515,0.497831695367264,0.5032837748208706,0.5080906715643735,0.5156316597258832,0.5206163317720833,0.5185626364012113,0.5051187202759131,0.492905900538759,0.4786429338444666,0.4647375688902129,0.45114904819317847,0.4379113085701312,0.4847914805800718,0.48913520178419445,0.49379094172272053,0.49879078094562673,0.5245820352470018,0.5067322123051962,0.4889750490384445,0.5204666370781128,0.5518093967819319,0.585483100980336,0.591954344567942,0.5933141919173411
HRV,0.6816432642882884,0.6792954548544846,0.6833513161900697,0.6874741263072349,0.6914871977983714,0.6953243561870143,0.700457765994205,0.7056366344107454,0.7108635418890684,0.7160296944573572,0.7209998071462003,0.7260298545648661,0.7358711239235092,0.7334034396765565,0.7429920373976483,0.7559925737769247,0.7697568574365731,0.735937818106408,0.7474516924271425,0.7760342989302611,0.7721353982979874,0.7453154677806627,0.7556644508689181,0.7723322312571833,0.7891602163445123,0.7913572205325334,0.7853534880886893,0.7884281876777757
HTI,0.7358502673145528,0.7439474957598515,0.7524120127099954,0.7613064602132885,0.7706660557624991,0.7804486360501647,0.78927403919035,0.7984357021379799,0.8079492280009791,0.8177174130747731,0.8276491013205385,0.8311946088464446,0.8345897451966623,0.8379373610189196,0.8412726069157515,0.8446016903352985,0.8480681419842844,0.852831619395534,0.8534672606327459,0.8580625365177457,0.8493662810199126,0.857574604403209,0.8622811618557084,0.8692040954968678,0.8737885700364211,0.8755855354747111,0.8771234486438763,0.8787619674825882
HUN,0.7469418060702909,0.743694663936186,0.7429937422420166,0.7362914124101008,0.723416105396596,0.6839401998804495,0.688157279243006,0.6795423677406303,0.7036071697788843,0.7086158131026757,0.7096596021306201,0.7081780676962807,0.7157824863164581,0.7243615048034002,0.726984654698752,0.7351742177367752,0.7328651208623841,0.7283273476557518,0.7314995677668267,0.7356324040573068,0.752751251158431,0.7498718846323098,0.755867097872957,0.7463644385870878,0.7466965519137077,0.7455506082717079,0.7428137965118495,0.7461029670752449
IDN,0.5407584037330112,0.565740631930597,0.5909229638061928,0.5912023210977709,0.5916006259517581,0.5921049469878222,0.5925352715196274,0.5930884614144856,0.596040949655103,0.6002271452303055,0.5972343736781743,0.594505432128321,0.5919677652357188,0.5896869891883303,0.5876734943698593,0.5858771884524775,0.5925786127792061,0.5999100059200376,0.6080110597430186,0.6060969092237704,0.6178573392521005,0.6123916896612196,0.606924861451276,0.6014390099699576,0.6025941200103115,0.5909283172434009,0.6193962413773207,0.6202293201945286
IND,0.4154674371597633,0.41669038581534223,0.4184146455794329,0.42079596608310726,0.42412082969832743,0.4219131531897122,0.4197634131410834,0.41763592335300465,0.41551253878664446,0.41336260381570933,0.4111983072067824,0.4174500965150967,0.4236974760593218,0.4299715357085577,0.4362954903368364,0.44269534469415356,0.4242703358547148,0.4062298152616054,0.3886055069694801,0.37137991859169345,0.35457515959458497,0.3457021459514496,0.3370335971462713,0.3395250027004427,0.34213580300917706,0.34475476376501374,0.34795394521073836,0.3451298289345226
IRL,0.5065137222753789,0.5168020326344936,0.5353601326738515,0.5617482204523517,0.5746129386304981,0.5851575131135531,0.6061605906541706,0.619897267683778,0.6388860988911849,0.6576176748833054,0.6669327201386329,0.6732378880309053,0.6934198769996585,0.7000225293031126,0.6996434068109835,0.7194775226061675,0.7244449191800136,0.7400195901395773,0.7466880428824149,0.7606556527086443,0.7701957127645545,0.7751788378386694,0.7750705866042448,0.77885447559655,0.7742300542864631,0.772642516165023,0.7854392307338263,0.7877004114690711
IRN,0.12017167888060744,0.12265173496530087,0.12574177735705547,0.12922330004911065,0.13316845936687602,0.1376330196656867,0.14273472390028155,0.1533399855046769,0.16455387054318227,0.17636771567687387,0.18881166793554263,0.2016210107340995,0.21523349584160215,0.22971984794393477,0.24507776671656833,0.26133317848083515,0.25248155075948403,0.2443980470796082,0.22016549551627385,0.23150271641050735,0.22795304607518727,0.21938476009553068,0.21134412692174046,0.20387149558386553,0.196981924520717,0.21544345493948985,0.23886713944055946,0.23600545311274976
IRQ,0.10529456693001894,0.10631221087923318,0.10783403711223682,0.10855391242832772,0.10933899057869467,0.11035416643631712,0.11138732371600299,0.112714988016302,0.12198475190669236,0.13205878585121592,0.14298739346844794,0.15484897148629367,0.16768090987199008,0.1815270182595664,0.1964080391603862,0.20466508207019085,0.2142278135048401,0.22500403273858974,0.237046406814966,0.2370057629310077,0.2382680997325229,0.24043999863046464,0.2453464946601249,0.24727582329428302,0.2462149224330274,0.2465265626663691,0.24983777994789216,0.2526138331197302
ISL,0.836832369002667,0.8312699045385881,0.8411372197557986,0.8633820936661298,0.8714936743053286,0.8671670758482436,0.8531634015393844,0.8488176422189833,0.8556908183014758,0.8773769144549606,0.8879268899203605,0.8683750632879761,0.8766215844038808,0.8775607646380128,0.878159169298567,0.8784175950780633,0.8747124790553443,0.8735789737131193,0.873225238249727,0.8895866227429533,0.892575987614676,0.8957708033813929,0.909977221740115,0.9082835243231656,0.8974512596067156,0.9030464795986152,0.8889698792144421,0.8905422378261956
ISR,0.6420353859427824,0.6489222806736991,0.669937601473006,0.6685441793257382,0.6884729667208924,0.7025945563871064,0.7123209342112933,0.7190499783339981,0.7280976876804253,0.7506099497345379,0.7640457809483138,0.7707595068477202,0.7773645357715528,0.7946619721957456,0.795474807204667,0.800389678733089,0.800355152832205,0.7998254132694633,0.8000228320500897,0.8237477300368907,0.822217399487419,0.8201443779061371,0.8349344984210426,0.8352299029870941,0.8490916478365272,0.8486462011989246,0.8568995548419925,0.8582110417758204
ITA,0.5279829858321866,0.5356237388562143,0.5272774566297068,0.5239817583414308,0.5320521909703257,0.5397154709801573,0.5477169711979538,0.5524773204041759,0.5598697489317247,0.573020368809691,0.5788992228694045,0.5909075746638104,0.596839006904601,0.6014166680424458,0.6194523799010818,0.6209939109789638,0.6254673338192123,0.6254535930228772,0.6368461794369247,0.6374095967294988,0.6409777775758556,0.647985273098906,0.6636558801712757,0.6694222311016441,0.675919117529463,0.6676766314530205,0.6750059493257421,0.6775796825225068
JAM,0.76197064212431,0.7726124702247867,0.7807327971430698,0.7950541386942683,0.8029132511520645,0.7902879092339861,0.7714887067537856,0.7496252065436315,0.7244819540216244,0.7208322047921063,0.7172219325998548,0.7170097964265617,0.717784981535054,0.7203135045006893,0.7205118948673719,0.7247824631693793,0.7290818727697526,0.7313611824215275,0.7311445702644461,0.7273648467969701,0.7272172943778686,0.7297311050309352,0.7300646624931323,0.7318021407782699,0.7334905883973686,0.7349405592871762,0.7377791341964508,0.7399839442828009
JOR,0.15772771415853626,0.16035092334103024,0.16727332463143837,0.17010302045811895,0.1733777063015017,0.17753983184961628,0.17796184029139225,0.17921069792890065,0.18067565669293328,0.1823675753690772,0.1843544535596909,0.1777167757519677,0.1899427349161098,0.1757998259758442,0.1780526401821354,0.1804908413864262,0.18727884294940841,0.2250281928509825,0.2190074742479963,0.22663351674493976,0.2271295552319373,0.2299791489536702,0.22829132274025762,0.21686558738075445,0.2172632667013739,0.2178972470841515,0.2176623557654716,0.21921917075785402
JPN,0.6477994179059103,0.6514883143506368,0.649233832983192,0.643815864381803,0.6438693101370737,0.6426296867525475,0.6423130247256988,0.6468944123810098,0.6471786416568104,0.6433978963497239,0.6430985683594573,0.6475543499222539,0.6461841508005561,0.6503259258756504,0.654462644189691,0.6577065778650527,0.6603755280129731,0.6604207251144848,0.6631363924954043,0.6722207641481085,0.6756850288590757,0.6759843506164469,0.68054455028336,0.6919462251235973,0.6988685177937652,0.7045364490148671,0.7133693116015372,0.7157882811722297
KAZ,0.8417108997142528,0.8387449412079407,0.8376575425361925,0.8359915962461983,0.8348533553283359,0.8354874852193402,0.8381664614837687,0.8415091097122196,0.8449555352330144,0.8481118500793713,0.8510082862409981,0.853870879705939,0.8565300980524605,0.8554234471245123,0.8508469681863178,0.8552766336039118,0.8601365854216532,0.8647324867112439,0.8691535985515411,0.8632098025400251,0.8617329929414722,0.8609442592209756,0.8597791927787077,0.8582286997873677,0.8537036332541035,0.8490064545743898,0.8470224692037612,0.8459935707195804
KEN,0.9083100031008989,0.9117269212118725,0.9157264722087829,0.9208906879694853,0.9270046463437569,0.933500182180685,0.9387462596978126,0.9418825257593574,0.9454547571573131,0.9492150427906588,0.9366103581821814,0.9230801683531736,0.9087734431018064,0.8937997738160903,0.8782880069879947,0.8624849198218711,0.8655154884604616,0.8675487140974262,0.8672475681232515,0.868697505851187,0.8730755603519773,0.87764328583293,0.8833706273908197,0.8905160362317164,0.8978298947490718,0.9050922604509648,0.9130396363519899,0.9119455084177722
KGZ,0.6783952976928549,0.6870627499050679,0.7020489549836666,0.7199419423751818,0.7467125030300679,0.7571964314253508,0.7530064673993094,0.7464680526478505,0.7482685448074075,0.7483670681615016,0.7463486783570468,0.7445573999777346,0.7475280242476049,0.733547432445053,0.7212778675374928,0.7104854992680497,0.7027003035701159,0.6989178963090528,0.696035110753,0.6947685261730958,0.6807052853858719,0.6828657901085476,0.6702982286242195,0.6430682059772896,0.670633660231636,0.6594939079206131,0.6405022442371392,0.6362340197709235
KHM,0.9222685558568389,0.9203978319229558,0.9170925037960403,0.9135582003306605,0.9119128440479187,0.912750986968542,0.9156696684296733,0.9251111510977017,0.9359446229827691,0.9463688008708988,0.9479160345247181,0.9580744834598184,0.9341771734379269,0.9081205017000861,0.8801510606610738,0.8873929031893127,0.8937853481124322,0.8998795015986683,0.9058020520363999,0.911053596734211,0.9164446060729033,0.915626999604889,0.9148285929199237,0.9141415113500085,0.9135958776079055,0.9132129627934163,0.912937164055769,0.9128434509222687
KOR,0.6412501676898648,0.6352781729084029,0.6302936647934718,0.6304950321174579,0.6349699466659359,0.6417964445957155,0.6498560143490714,0.6630669868709776,0.6348191863291625,0.6474087297514165,0.6625868757218688,0.6708126659117264,0.6717238803483512,0.6633364949402389,0.673991143303038,0.6813265301606585,0.6879494907256637,0.6875391707653878,0.6898135053976094,0.6817457927042737,0.6859669484842311,0.6881784418533297,0.6910060340319317,0.6947303060196675,0.7022842766912618,0.7101001292023962,0.7140474744772471,0.7137622804874223
KWT,0.48182391270038943,0.4890704662089646,0.497485124923078,0.5033909040308664,0.5096915960351298,0.5183727579733953,0.5256345151834115,0.532176981583426,0.5372601700698264,0.540681209916354,0.5429263464157189,0.5450028337490551,0.5471132192237791,0.5500507789486099,0.5569201269711834,0.5622114566720972,0.5706215157432847,0.5767466373775055,0.5790010459192599,0.5726963202244827,0.569942905957154,0.5747219734813866,0.5776854265168274,0.5761566856442336,0.5734706071730857,0.5712448057710761,0.5666670691296499,0.5638612930967518
LAO,0.9682754655443728,0.9689010937868557,0.9698505867200841,0.970941254259704,0.9725603676703327,0.974036523756386,0.9740122079216152,0.9740325657359393,0.9741561945962299,0.9744311318509448,0.9748341540783887,0.9747564671022296,0.974890243451731,0.9751775802790722,0.9755126181648285,0.9757873594466278,0.9750350801733899,0.9739971345190309,0.9726379800296604,0.9708893557956254,0.9687818461098718,0.9682360034130852,0.9675043225746524,0.9667694708250806,0.9659334372898684,0.9652000505014766,0.9649074304630814,0.9645321125812222
LBN,0.269883342760634,0.2733273517921979,0.27647637707069034,0.280212606042591,0.28437260280249993,0.2881780101538187,0.2909173375402612,0.2902159730549671,0.29323297693404565,0.2937853949195321,0.29449998474275607,0.2893642443932849,0.2851729675972589,0.2823692083584333,0.28287233492318287,0.2881173713067821,0.2946555086322219,0.30205817115809186,0.3120069186853157,0.3221529554716041,0.3288367935755369,0.32993786606529635,0.32899268083050004,0.3260541425825455,0.32413908847289635,0.32356478866810157,0.324340324044737,0.3259211398790643
LBR,0.8762342501559054,0.8705613675374332,0.849834281431826,0.8336727485618293,0.8250031944444242,0.8216300627225249,0.8290265608822356,0.8729502629034654,0.8880535312001199,0.900163933602694,0.9214028247377689,0.918281721163003,0.9183900019939313,0.8916996140731444,0.8931220276125641,0.8941895767912009,0.8954559571706502,0.8977585090119807,0.8986002709709131,0.8994985015557594,0.9035577670909378,0.9091956254506924,0.9161384725750434,0.9252936346398997,0.9299746224719688,0.9350455597364995,0.9388276601561508,0.9396045793278911
LBY,0.2739896598342732,0.2859395131315436,0.2896377807603378,0.2933774979349232,0.3002597842925686,0.299237825092623,0.30680934481794836,0.3122915877163772,0.31742345928148263,0.32271467899480777,0.3292551260461288,0.33338713655065283,0.337778908613445,0.3482744771895749,0.35436615685491546,0.36361710230320193,0.3690917482432763,0.37395288913999897,0.3761071093778356,0.3758462455089497,0.3791712353405015,0.3365992616013705,0.3619960823268868,0.34414839368023864,0.3285374996419557,0.32679280652576853,0.32677478256495684,0.32658998569301634
LCA,0.6048102314486262,0.609965637609082,0.6203689495734082,0.6308348817000661,0.6412346791991059,0.6514022935673904,0.6617727522967052,0.6717950841628347,0.6816962065528956,0.6915083535145956,0.7014225147018524,0.711429264147673,0.7191536486203945,0.7333864279431337,0.7516540744726675,0.758640790135197,0.7719140392783705,0.7744154534951687,0.7812550234943745,0.7824923652207831,0.7817107685488468,0.7859094201559368,0.7877724493463869,0.7910405959342739,0.7944339678303022,0.7996016037828264,0.8024376266709325,0.8054918879270053
LKA,0.5737787726445037,0.5328701610008213,0.4962763029194559,0.49126168688781335,0.5014641284529966,0.4845873938633131,0.47177316004127345,0.4630823611311039,0.5363377433371398,0.48369536231653365,0.4845185629506064,0.48397962177212256,0.4834749909893682,0.48298673710599044,0.4824364876872964,0.4818002771429432,0.48076298523809,0.47967445054755425,0.4786530959664927,0.4779003132120862,0.45544954676740557,0.45535020911762253,0.4330406064938513,0.4678271580776756,0.4610294092453024,0.466431560719076,0.47321643894009946,0.4728783861961237
LSO,0.8215361539738572,0.8272326760459674,0.8326857368878098,0.8372203670706782,0.8426758153928566,0.8479931959461309,0.850955427230892,0.853740326213611,0.856125364768414,0.8586561947774105,0.8539851136811643,0.8487048157708926,0.8433862819401111,0.8381019930610714,0.8329033574946512,0.8278200176908721,0.8227395995616734,0.81784011082003,0.8130977431922559,0.8085179819247865,0.8039948775377793,0.7993075427549022,0.7945946239019601,0.7898244565116281,0.7947749610373389,0.7982116631889492,0.7995953869402912,0.7967545919965943
LTU,0.7596536727736491,0.758374474929304,0.7574504733213422,0.7562630810080666,0.7560818317494689,0.756076631913071,0.7577796114003166,0.76103413783898,0.7645390279977996,0.8058678559822605,0.8245375958061314,0.8129837299669431,0.7993434384689487,0.8260483096388962,0.8036135912481788,0.8048800141331596,0.8169004936106434,0.8080912107467412,0.8098420487360258,0.8364071761234396,0.8429614535257004,0.8347138223883626,0.8423044756563809,0.827007848989546,0.8291220686348985,0.8392596833874664,0.8438807803443594,0.8447566933835816
LUX,0.4992976039421972,0.5222535848054082,0.5590768495834366,0.5416849704544779,0.5604007371228008,0.5332899939763324,0.5503859328079255,0.5721061364452128,0.5765572907874432,0.61040396897424,0.627304124949285,0.6321757395992378,0.6429644227940944,0.6604184171093066,0.6894220046825473,0.7015850828816473,0.7274255946283126,0.7379811363309051,0.7410785793707106,0.7381334035671522,0.7469710245617195,0.7664908727144214,0.7820603063274144,0.779801969324137,0.7866134115978126,0.8217846864021716,0.8202744874442566,0.8233024306301793
LVA,0.750368618259439,0.7494537489397164,0.7482886359905103,0.745559661465382,0.7445472485179755,0.7434911280314241,0.7442913425583749,0.7714577561272647,0.7578184554391774,0.7400967226305173,0.7529891884118112,0.7742792478884034,0.7725202216950685,0.7798019237857156,0.7686047527975945,0.768545058931187,0.769782895684768,0.7654197481153929,0.7871201786122543,0.8100155530565266,0.8248828219682017,0.8087160627985674,0.8129479400469052,0.8140455061647744,0.8020288229521382,0.8030071924724528,0.8200928788199368,0.8209272665945992
MAC,0.6186474079237796,0.6202784245191454,0.6415557941814455,0.6487329725219924,0.6692944912113691,0.6637869390654119,0.6833828420110728,0.6896672218484932,0.6968643318704862,0.7156727003870604,0.7351073532818526,0.7501676514290913,0.7729884909399716,0.7575190596761547,0.7698028379714392,0.7901285994608422,0.7965459232673805,0.8283443228320142,0.8346935345646899,0.8562654736183741,0.8491996393106116,0.8604805029474278,0.8512877837920715,0.8662035682504629,0.8586053502767713,0.8631809550319718,0.8702782964645319,0.8689740788227956
MAR,0.3045859252716285,0.30607287653253584,0.30514274906068095,0.30490350844039193,0.3082606255112324,0.3079719934136526,0.31248003563036314,0.3138878894570788,0.31836933545220064,0.3209803700607788,0.32355279681284954,0.3275352449716356,0.3212813982357568,0.3399407628295323,0.3481518268359175,0.3493038674025566,0.346726365709149,0.3431799060905838,0.3404238607415504,0.33943765683473176,0.33856676074636727,0.3382288723790718,0.33101939018563636,0.3342204312303943,0.3349620562758651,0.33661594057838046,0.3368507667466082,0.33670071970305526
MDA,0.8918914195381394,0.8953112439606247,0.9028871811036511,0.904312299309846,0.9385197948249437,0.9400811968586802,0.9482536284308046,0.9466936576281301,0.9561901532715025,0.9614227347892961,0.95896866087859,0.9512162555132124,0.9416840427296843,0.9337413527611675,0.9249773982573815,0.911455333150292,0.8969865505291128,0.8816749965733021,0.8655417934667459,0.8486948524245652,0.8559450461535587,0.8554488019870518,0.8684667559599457,0.8602484214876466,0.8564616338398483,0.8729423016829589,0.8703082634665055,0.8613980254366509
MDG,0.9457457356441569,0.9449364375524161,0.94509073613032,0.9454257151849672,0.9454823566288926,0.9455682563759922,0.9449993343773566,0.9446066588483881,0.9442467797816365,0.944079233968216,0.9440887272040225,0.9439269234080346,0.9422769237199826,0.9429831998918278,0.9434880099635131,0.944059951276574,0.9478201335174048,0.9509609891672424,0.9535136303047649,0.95552930975804,0.957077668285319,0.9582653319880586,0.9597910886589738,0.9514164209332372,0.9422133098129025,0.9319013136272193,0.9337079991312537,0.9350646492219669
MDV,0.2624485475776389,0.2834736566091445,0.3060524098956389,0.3302439413382412,0.3561866772360143,0.3838590222067517,0.4105408811992713,0.4382886848617205,0.46703910375314894,0.49677406021373505,0.5273999473141021,0.557780797174081,0.5869107711848959,0.6146053837822862,0.6409773709628737,0.6662347821643789,0.6938076506473123,0.6814192461155117,0.6677494805699269,0.6529944652938109,0.6375060491734504,0.6229891074786454,0.607725482952121,0.5918400342607588,0.5756562233067453,0.543557753789071,0.5187855807778272,0.5220758314923619
MEX,0.39651802228296595,0.4034334311830392,0.41170290837873363,0.4208135596740027,0.4305532489400068,0.4534922776561513,0.4515612929659539,0.47200534822002604,0.46924197860144606,0.4630361840715357,0.470915226137901,0.46524662359758956,0.476792465669035,0.47442843782095967,0.4990792481975369,0.5072739397420502,0.519893823572764,0.5263138520812374,0.5276167901387468,0.5392225236332973,0.5388330707020281,0.54482488960548,0.5562128898218126,0.5592856488521329,0.5482072713328471,0.5535340321372424,0.555936323235895,0.5586321337484392
MKD,0.638141477955564,0.6376678583346541,0.6373880076576574,0.6374439011384581,0.636305566362172,0.6350463969932071,0.6345794559662503,0.6287817108298375,0.6231017480837603,0.6175020177985325,0.6254584871945257,0.6338529318363765,0.6424402878288987,0.6557751250253433,0.6379404167490539,0.659104456921127,0.6316059641846938,0.6477298558655413,0.6295617362806196,0.6197851527645899,0.6234373602435164,0.6421655039145816,0.6383130169936999,0.6597683425763572,0.6461268832890065,0.6437770722073307,0.6253580890757585,0.6281732850926667
MLI,0.5291119647233244,0.5307271539540712,0.5292586457233179,0.5296919538773143,0.5307582529318594,0.5317071701177264,0.5318411839196036,0.5324727360048406,0.5342874664258356,0.535681034379656,0.5354114608080077,0.536931121891618,0.5357339989635718,0.5359902283077034,0.5346129302138976,0.547083679821929,0.5603118702795239,0.5742992109463931,0.5889527306374577,0.604112047377391,0.6196817264484287,0.64774615968293,0.6758974113808384,0.7036978400818602,0.7306970271555654,0.732107754058539,0.7343216611435524,0.736103692061844
MLT,0.3778189637793838,0.38125517797293546,0.3882385426199802,0.39271449043443274,0.39547189433227714,0.39355763953186873,0.39857856887902005,0.4032927576206358,0.40714937335790863,0.4156913596471234,0.4239752772514607,0.40887573846168634,0.44060169579032704,0.43311251578241433,0.40949792211758784,0.43862145121102997,0.44370909863296376,0.47591197302282257,0.4976793594925912,0.5067688442727121,0.5131359269096145,0.5312776495577962,0.5672365309583554,0.5907312498265536,0.6094992891473623,0.622658140833358,0.6330063923690689,0.6350140163384883
MMR,0.7093628488521325,0.7097887621487815,0.7077780233543602,0.7063423819317906,0.7044867145980754,0.7026756514184457,0.701250085858971,0.6999358198966377,0.6983917421373047,0.6953193662163999,0.6912386088334617,0.6871580315349776,0.6827381129133415,0.6778112840337029,0.6730207674777448,0.66836618258614,0.663605798986692,0.6593502768633529,0.6557716295523073,0.6526324589709892,0.6500619854690408,0.6484668126979197,0.646846467844492,0.6453163971317786,0.6439709957253851,0.6427791043609898,0.6419632685914836,0.6420342549949586
MNG,0.8082476609918592,0.807357515099446,0.8073260662763548,0.8082855352675243,0.8096481767193826,0.811498064291781,0.8130698358616568,0.8149694926959195,0.816999999819207,0.8189328548240997,0.8202945375541978,0.8213471039332892,0.8223050452160631,0.8234863605912991,0.8255915495577489,0.8269755435317516,0.8294333634751923,0.8328989438095844,0.8361453254820614,0.8289258096030592,0.8165793031093297,0.8117496234519216,0.824819418128143,0.8113019826088297,0.8077792457245349,0.7997946447382787,0.7959192627182692,0.7963001814937146
MOZ,1.0586279441092294,1.0654802496102638,1.0687780928439679,1.0727804939644947,1.075532489311476,1.0774636319556308,1.0806054781354866,1.082179743979998,1.0720887649245092,1.0650621764204233,1.0603192809414743,1.0568911773823084,1.0545627276571587,1.0530080242362267,1.0514142705211744,1.05070430981054,1.0508491171267365,1.052517724354305,1.056066668052975,1.0619716238623198,1.0707409415907414,1.082963636585496,1.099295128581556,1.1014928570117006,1.1043795650256298,1.1077065275708426,1.1101020776084527,1.1064576302470512
MRT,0.39805427666785403,0.39786074858594206,0.3980617471249447,0.39950154642505187,0.3989953324074519,0.4016542488401743,0.40396399448070563,0.4039506494316568,0.4057820561365801,0.4090391345986752,0.41052446716044444,0.4125831821170611,0.414766239922412,0.41720261034696127,0.41975617179477226,0.4224827124491197,0.4257217868629208,0.4286909578266452,0.4317526830387979,0.4349411067666588,0.4384675425670879,0.4422887041138656,0.44632489497747785,0.4498994382578899,0.45308429510414455,0.4553079012008243,0.4566426385822814,0.4577409797347547
MUS,0.46724125168284264,0.47207656096704015,0.47520837790578213,0.47688074307785977,0.47857572822662847,0.4815855385973527,0.4867656188590154,0.49222727868364213,0.4979132722363091,0.5036663999304694,0.5093536556758319,0.5138121663063647,0.5136559246360538,0.5129961772781664,0.5120164518216984,0.5355143166455619,0.5430549774818285,0.5353339936797542,0.552354552710307,0.5590481531039749,0.5783604362625595,0.578043074296949,0.5839497429763906,0.5981984093185242,0.6126298465264091,0.6271670165080879,0.6172674650704754,0.6205536065814684
MWI,0.9723524503692158,0.9710993806166236,0.9684115754716571,0.9696780278611707,0.9668157169175042,0.967615303354386,0.9677316017668633,0.9668566202161422,0.9658940970444493,0.960556166323163,0.9551806908823475,0.9497072060081392,0.9441490282916296,0.9384488225326263,0.9325347709752867,0.926426486077398,0.9200079790982644,0.9135112983822621,0.9070059916692029,0.9004935565597434,0.8940494380900673,0.8877077610958903,0.8815460057962077,0.8755693629589384,0.8795281747026501,0.8826133987880395,0.886401545333253,0.8836248942901441
MYS,0.5765682364688919,0.5755698635973063,0.5747903661132227,0.5741174028078598,0.5735642668153268,0.573108881971211,0.5728512207359999,0.5725690447909974,0.5712756469767117,0.5707964877513161,0.5705906885007961,0.569803900514897,0.5693061738346316,0.5688027216627782,0.5684684389818943,0.5680483230240142,0.568099082011475,0.5688142472871265,0.5643197299476637,0.5724935161724847,0.5707325006139291,0.5870934081952814,0.5996325761059034,0.6315023362716655,0.6466506100949874,0.6503852070423959,0.6559153769685689,0.6567113784811545
NAM,0.7480447702530468,0.7545649163756293,0.7615094544489075,0.7652917509136541,0.7702904155132645,0.7690916743727376,0.7676758099870261,0.7656958751693689,0.7628976927338679,0.7605220979846993,0.7585052255109502,0.7680016776862761,0.7776384604069055,0.7874208375000271,0.7973702531400162,0.8074921244472659,0.8169554901007029,0.8265132541559873,0.8361167767164909,0.845683053399939,0.8551324356443906,0.8638318405075278,0.8721974720543709,0.8802360473137356,0.888000614891621,0.8941102244356505,0.8951567097640611,0.8973615333707295
NCL,0.8485709359727881,0.8487348093772028,0.8487443240705156,0.8483906909622241,0.849601661337735,0.8502830683556174,0.8502588293618816,0.8504079274858278,0.8515495925280173,0.8510736462226924,0.8522597457464897,0.8533882901292492,0.8551343880990764,0.8558562455412072,0.856810417664054,0.8576973946002762,0.857990821630662,0.8584570594078873,0.8572878823640797,0.8539011822243558,0.8521997431111805,0.8515196172452362,0.8505206597374717,0.849201474853784,0.8480783604794282,0.8472525712953292,0.8461798657754757,0.8449354198772819
NER,0.7537837197487054,0.7530373769492189,0.7517902999498487,0.7525150353521699,0.7539206821051335,0.7552218596186273,0.7548941843869581,0.7540808991857789,0.7540047796446356,0.7520681168034845,0.7500331414892965,0.7493257193876767,0.7483110034539773,0.7477363026724355,0.7463766678805194,0.7457496191471802,0.7451262750082663,0.7442432957458904,0.7443620340048877,0.7430638288428125,0.7432896574628599,0.7425551785769944,0.7433798174834325,0.743389549772933,0.7437770531826773,0.7438303077695105,0.7444016939056681,0.7443910382580939
NGA,0.7278332274386489,0.727377168041652,0.7286240764171343,0.7315936346818092,0.734742956111094,0.737813057664554,0.7404647052950784,0.7428679562321574,0.7456591350338684,0.747423262823519,0.7513403815341331,0.7512089006722615,0.7510773439483449,0.7542897095143818,0.768005413970184,0.7738040730676801,0.7801456291324947,0.7870935103590484,0.7945868765414539,0.8025913930663563,0.8110010443236056,0.8198563754827525,0.829076167186514,0.8385858009505156,0.8409193150171554,0.842270758699186,0.839914563622578,0.8432880491807431
NIC,0.4297379601275854,0.42611100474875385,0.4165876967407323,0.4075615041845373,0.4007433222872867,0.3960084414987403,0.3970086614796227,0.40690507808693827,0.41705016089282654,0.4315477103524956,0.44585627769176084,0.4625612818938327,0.48001321009366277,0.4982307068851243,0.5171973305736826,0.5368963093217541,0.5571901709087571,0.5594370010560937,0.5618814566371663,0.5645249104651998,0.5673759840362476,0.5704477211846409,0.57371033400283,0.5771517242112935,0.5806712011821114,0.5884793995306125,0.5958830080177845,0.5993258842202426
NLD,0.6106934370217869,0.6215871565047114,0.6461917780128988,0.6534640307656612,0.667285948490941,0.6763406523064166,0.6906997083521633,0.699178876245815,0.7046325277870044,0.7259693427606526,0.7311945942684315,0.7418520145099703,0.7457403549100295,0.7634856205583165,0.7714151987298483,0.7831082185732464,0.7893283566317734,0.8012836967265066,0.8083924590098089,0.816456172636651,0.8167274369487592,0.8259589786675694,0.828914828819225,0.8288659195764481,0.8215133098401421,0.8304866937846895,0.8343039711982788,0.8377436870519054
NOR,0.7857935969649836,0.8003277217428146,0.7970919777416157,0.8046514204086521,0.8068224883460838,0.8255502421963228,0.8279137835993549,0.8286121953633032,0.8396272992865079,0.8446261321573939,0.84092628451452,0.8488874339517861,0.8663972385011786,0.8613864106122104,0.8684412013203219,0.8636661598560164,0.8660913890098408,0.8764632980853787,0.8823176366455426,0.8903959660078807,0.8870863829193222,0.8962309922810123,0.8926340254734068,0.8996697911911609,0.9011706726783798,0.8962982380086579,0.8976086098662318,0.8999363887747626
NPL,0.8878138758743767,0.8899591760718055,0.8924536499823117,0.8950282551662342,0.8974878696077327,0.8997180492932205,0.8994545123863584,0.8993914601590769,0.8997232199720491,0.9006565699310345,0.900868041740513,0.9001775731868898,0.8997405782488567,0.8996256613892333,0.8999080412287136,0.9005792764366313,0.9014778673975636,0.9022930464864864,0.9030431460441721,0.9084783855988298,0.9143910134412917,0.9227168586068291,0.9313443237239967,0.9398213684713482,0.9476039846535308,0.9546039643658777,0.9625752760012733,0.9635435521389607
NZL,0.7191682877589657,0.7276106820090927,0.730895053689682,0.7301828808712132,0.7407962271886592,0.7460001650139456,0.7608566431536332,0.7616599609576351,0.768167038436391,0.7733218692916554,0.7741225806219874,0.7833643859308217,0.7855249045459624,0.7980451293604021,0.7967338486637494,0.8041992146505517,0.8056832064747314,0.8112285565550309,0.8206547492179485,0.8265182212492966,0.8258737450016372,0.8306902505283081,0.8386407435945595,0.8442363120890215,0.8476175261080859,0.8476427913407221,0.8523027346391503,0.8530001404716583
OMN,0.24850539748304884,0.2521978503270332,0.25531573484594905,0.25705230648662575,0.25820619384759697,0.2604578558096942,0.26805905056676266,0.27876119468298755,0.2888124931897197,0.29690503263344903,0.30564611983463086,0.31042744353037716,0.31331306609536985,0.3159405328169233,0.320565322564,0.3258286266482588,0.33883804494096453,0.3479087203510422,0.3544947627673373,0.3563955851106377,0.3551308389232373,0.3538016883567795,0.35491679053570274,0.35292523027193784,0.3498991890998654,0.3482167573511966,0.3470164729338063,0.3455851324981073
PAK,0.1660603634585444,0.16404971904923518,0.16395425377964135,0.1709274063809898,0.17476461889055472,0.15029325215496922,0.16330104845207838,0.17777005530460296,0.18248069740796674,0.18558726338225023,0.19177803710223057,0.19104931953910387,0.19315670868069515,0.20329348601680122,0.2139922571865478,0.23013229174873595,0.24725806801820607,0.25163666378208027,0.2592498941705772,0.27432849751626004,0.27153937903525943,0.2770260773810547,0.2786172213890288,0.2804194833601384,0.2865165816287984,0.2947351389629714,0.2988375208140096,0.30141840655323543
PAN,0.4856947039074979,0.49716766364248194,0.497147424732179,0.4982018386879764,0.5115109943758169,0.5234995910295415,0.5312457648213149,0.5390708885989232,0.5416543191029709,0.5442724194839992,0.5542405229700977,0.5641254386070271,0.5738432151849399,0.5808158295799474,0.5789854917725644,0.5912212344922835,0.5776756367285695,0.5870771294903058,0.5865516629263167,0.5989002101490302,0.5942933852371138,0.5745922052009449,0.5919949369195138,0.6175395258276246,0.6249707949615975,0.637433887975899,0.6502476361950617,0.6503664571890639
PER,0.5829053827027028,0.5873751131946432,0.591464478584511,0.5967114030482447,0.6029358627769088,0.6416619552190742,0.6694147530349264,0.697918773233513,0.6920715215326884,0.7205089880182766,0.6831701647512296,0.7390925593184627,0.7520777353118214,0.7647292534300332,0.7769987917817613,0.7888466115077436,0.8006329379657834,0.8120334912480912,0.815849218603271,0.8162275478601118,0.8349540921542113,0.8285458935863199,0.8270690643045921,0.8267088093730163,0.8206134350287084,0.8081663437025435,0.8138385992251135,0.8169115978600815
PHL,0.5994155780198681,0.6013806703955842,0.6006387540213697,0.6034180770333397,0.6027872548791456,0.6034026337287723,0.603241383916704,0.603672200383167,0.6042891630140594,0.6060578557189248,0.6051722256463421,0.6075035383305734,0.6080489799275386,0.6076184781596694,0.6075458495469654,0.6225912490582258,0.6301560096935942,0.6330333985067121,0.6228691433498207,0.6329719619974734,0.6383244574907566,0.6430330833551686,0.6421225128226205,0.6451625963924635,0.6507302043692361,0.6555951912778776,0.6571542587030943,0.6599092255234489
PNG,0.9577917400441168,0.9594649560737863,0.9621955390649164,0.9662856884273165,0.9672988251278053,0.9654289152935419,0.9669268667350135,0.9648519117481718,0.9628827068388542,0.9624604454846805,0.9607696489950477,0.9597898025435645,0.9587409366272731,0.9582364565669632,0.9578597614728187,0.9584432619804736,0.9580641089600298,0.9590242411284368,0.9599211390058995,0.9608155878048665,0.9623104279789981,0.9651111360046327,0.967269313087262,0.9686154416234751,0.9712301517249019,0.973194272694729,0.9733925396405576,0.9739513312625596
POL,0.7660391068351925,0.7653431831356468,0.7672922873954481,0.7675919386002482,0.7735314140629936,0.7677909261473103,0.7675351105435526,0.7583579546367436,0.7628840086716543,0.7684375331766612,0.7800906624708375,0.7828845306140303,0.7752446731053202,0.7735921239263022,0.7628166945217214,0.7581906536354336,0.7487494224101111,0.7453413034127117,0.7417662119547628,0.7433578244809559,0.7511514908046354,0.7501512083377238,0.7533446224125145,0.751888267510273,0.7536907197824512,0.7528348518857835,0.7491747318108576,0.7492666072409456
PRI,0.5056166861732528,0.5015791238675256,0.518238230485453,0.5457946197139087,0.5476615646198815,0.5501683268050638,0.5483625154365971,0.5574719847999999,0.5554934103849636,0.6003040487438636,0.584447431502627,0.5982094488212074,0.612277691191764,0.6168760850349736,0.6100265486545271,0.6241500617393254,0.6493999452540085,0.6475715651341076,0.6458822946886605,0.6460080293767977,0.6464172812154185,0.6465428215537479,0.646926899314294,0.6475639886255924,0.6484328495339142,0.6494051611933257,0.6496219366892936,0.6505447838062509
PRK,0.88723582391544,0.8833977126962653,0.879075996363122,0.874387717571531,0.8708524452075995,0.8676010591957922,0.865200082921019,0.8633685827485,0.8622717351600308,0.8606577993759909,0.8597652761235477,0.8593413041431398,0.8593122305099153,0.8589070281226021,0.8588403403810247,0.8589462085854722,0.8593379143703989,0.860129430398017,0.8601193798132122,0.8588018118946548,0.858424876770536,0.8584234423953,0.8580322656252944,0.8573808616453616,0.8568604433471955,0.8565579977286972,0.8562013477160312,0.8559302206194483
PRT,0.6633971506277793,0.6880841578599399,0.6882446978634166,0.704903461505804,0.714815539436974,0.718055254668308,0.7285353151354576,0.741096242934927,0.7391844308554182,0.7478085506967014,0.7564642878507521,0.761986303304296,0.7640107247908399,0.7824929268741981,0.7801832845795045,0.798301872554324,0.8008445184659636,0.8098357699029631,0.8115158705713919,0.8244613360434873,0.8345519672246047,0.8173396137912194,0.827446251286068,0.833494968890139,0.8349318980355291,0.8381309905296933,0.8342676325095627,0.8360174916593068
PRY,0.605710836364819,0.6091604488984947,0.6120488465395965,0.6165214652924361,0.6211984931937355,0.623209438667475,0.6252912010886441,0.6274036970689337,0.6295293915081702,0.6316313518369957,0.6337369409887266,0.6358638335241051,0.6380080289882977,0.6401500675406305,0.6423045333164115,0.6445022521463128,0.6467678517480683,0.6491747983152004,0.6443479622539807,0.6580439874835993,0.6433562575614818,0.6699666541412134,0.7168743756155792,0.7033879234349673,0.6765491759111567,0.6749411970599669,0.6700163036269741,0.6743864075258363
PYF,0.6827269100090153,0.682472750336667,0.6824599285565692,0.6817454937750795,0.6844447906228976,0.6855720384037672,0.6855901259102591,0.6875239410128682,0.6885927538267489,0.6898375184198601,0.6920131642786577,0.6958399855115165,0.700367144120961,0.7065092237601651,0.71245362421157,0.7182605667613117,0.7246099731843016,0.7307431158092198,0.7394657639236637,0.7477265664555214,0.7556043277134977,0.7643147468837787,0.7728460803749363,0.7729858695435305,0.7733294898253624,0.7741505199648739,0.774012423525346,0.776363676912929
QAT,0.42487009127009245,0.4296505305886905,0.4367051105750382,0.4354831743250121,0.4334949191822621,0.4311845444831663,0.4273087721427718,0.43630978746727145,0.4396817677601019,0.4397559787927279,0.4414058353795662,0.45530419750208795,0.4675397635751112,0.47298084365153653,0.48145207956651265,0.4800459748019791,0.5088828931352285,0.5244832089732026,0.5201449799099721,0.5153216244368022,0.5338309491692721,0.5563591962621377,0.5752295113099476,0.5924806407619156,0.6074299896687387,0.6200380422504503,0.6161454319728016,0.6141443546517795
RUS,0.7824129938466822,0.7807223940364915,0.7743717963533974,0.7685086740456268,0.7642486160512584,0.7639692600518029,0.767468400300418,0.7743920919780106,0.7784937618746939,0.7943846050052117,0.7961170372483796,0.7957074686155151,0.8099062616236723,0.8115805498168979,0.8147473000360567,0.8182629841642584,0.8219762607924337,0.8172855081163024,0.8039201238342566,0.8070170461540734,0.7986631039172207,0.8002698885075143,0.7989584918510609,0.7943033213833581,0.7928439167816324,0.7889702835585918,0.7889453904829465,0.7888139758162237
RWA,0.9366500168600941,0.939464764621824,0.9463205437911263,0.9542301035137033,0.9553528945811692,0.9678046878098696,0.9698663954189123,0.968756010503775,0.9645745095094687,0.9606824367020307,0.9594122323108975,0.9621509015252224,0.9674232031347182,0.9724877952509714,0.9779035846377965,0.9813801416717303,0.9836332206408775,0.983761313440357,0.9832652484437289,0.9823925911887467,0.9828222151066064,0.9836596925462263,0.9857469234140863,0.987878386286724,0.9906095036321239,0.9932654540554695,0.9961336817347631,0.9971835668381515
SAU,0.17845525060416573,0.1790142973096857,0.17833220426733065,0.18307545801780825,0.1877019333607356,0.19224056948016685,0.19915348438041536,0.20666640256970042,0.21473243242109072,0.22297352217842653,0.21283265953835104,0.21138742535541655,0.21336505282856616,0.2216230097674666,0.2300565927595421,0.23874220559466172,0.24826178117259817,0.2418912700276158,0.23749508079115814,0.23262134741213786,0.24492922219409877,0.25968112252326114,0.2641852641405333,0.25883749227492,0.2627653937288789,0.27893726983965395,0.27987192899599994,0.27994868018522856
SDN,0.3060976844291955,0.3172727989963392,0.32891417968619274,0.34098788785053913,0.3534662872220938,0.36629340420488,0.37982573218406956,0.37386406386723126,0.36803414003852486,0.362321756096473,0.35673188668869443,0.35121997164377994,0.3458410356310807,0.34061630558228395,0.3355987959139286,0.33076111752426535,0.325993629254354,0.3215804039786823,0.31750446605722743,0.31373517792414307,0.3155688181513485,0.3192784318040387,0.3242455429190021,0.32784677639776233,0.3314604418005732,0.3357304199530952,0.3394255375754529,0.3380837925586502
SEN,0.4462256407087309,0.4473733716368217,0.44835930939926,0.44972017488582855,0.45146875901530953,0.4555134358928775,0.4568135796351017,0.4594483246811228,0.4636572543814373,0.46839710495245435,0.4723815923852145,0.4757354020047298,0.4781268965373971,0.48227890650600086,0.486223729472056,0.48997289289062795,0.4913095452538351,0.5201073266149175,0.5494732385379961,0.5792941878324168,0.6095255820565311,0.6396145518623604,0.640309744596129,0.6407782308459252,0.6418702251631674,0.6443270817502418,0.6468692918935213,0.6517070981356259
SGP,0.6049188067098804,0.6094736906645373,0.615400203036783,0.6254662796412591,0.6333876019016683,0.6401391613836638,0.6457849290490202,0.6509069870758003,0.6425490983567519,0.6530503182691754,0.6596267665411607,0.667262509214807,0.6590732330166714,0.6732517920158877,0.6833940945198197,0.6866649290436684,0.6906967057323897,0.6951135964006949,0.7301607409729273,0.7218585495570866,0.7390966538095095,0.7492651525462165,0.7576685308355345,0.7630798106137886,0.7749224252135559,0.786438678970195,0.7873691915288707,0.7879320790712238
SLB,0.7849866524279814,0.7846206073883089,0.783201061488795,0.7830022241553666,0.7819327856999536,0.7808944949254526,0.7806779331673895,0.7808412378397057,0.7804482279194819,0.7803812136777887,0.7828756755140791,0.7841731358941828,0.7846199048747122,0.7835566514097285,0.7830030787843439,0.7825373605107558,0.7810856177527083,0.7798051137036958,0.7788670179254237,0.7797979313216525,0.7793251528666645,0.7782879178233335,0.77815255704489,0.778159846908398,0.778197143954043,0.7780319718116041,0.7777985030348705,0.7775371461823277
SLE,0.9684284454777047,0.9697857789046336,0.960260120693116,0.9647923349241855,0.9689245352319978,0.9698174310752219,0.97237835439617,0.9724175757066812,0.9770119992102946,0.9784884755705724,0.9819268702191152,0.9751983902237171,0.9853511331361277,0.9881101322446193,0.9818600318449442,0.9814044773584332,0.9806169392057982,0.9797982722176016,0.9789768096519091,0.9782441700444761,0.9776513835308211,0.9768777287531433,0.9763281992207306,0.9760612960554647,0.9761398371397185,0.9663069532824671,0.97400854490562,0.973459189482064
SLV,0.47351352399969365,0.48023268358688104,0.4914260340361008,0.5164909389898441,0.5343336514727866,0.5175576740632194,0.509922209748567,0.5159964932214742,0.5558677539860907,0.5665116184806201,0.5689704821814638,0.5715532717504425,0.5745842658597514,0.5825775051923578,0.5682772403398336,0.5757629273922934,0.5834364504072912,0.5816742821645617,0.5848504520547965,0.5874716758274052,0.5868781532678089,0.58954818511608,0.5923083119043028,0.6106923838612709,0.6054493793120045,0.6002571883960092,0.5949339474939556,0.5963887524704174
SOM,0.2737101920977994,0.2697626199903886,0.26694505327794854,0.2646443862022462,0.26256999329880826,0.2588457390056034,0.25374941569380993,0.2487996081123192,0.24411600779788242,0.23977879527471122,0.23703606513773692,0.23289992704706486,0.23091901167813164,0.23013858286554115,0.22999461303975516,0.2299582907835697,0.2301020499735161,0.23030382030963154,0.23058543799744882,0.2314804937475185,0.2340380293174816,0.23550337513649688,0.23836530894566113,0.24200809658515113,0.24560294148043754,0.24872085800222357,0.25053872164108676,0.2507640076715754
STP,0.4733594031828846,0.47524763467391257,0.48030058315562574,0.4870270394594594,0.4928926733144265,0.49652994396871114,0.5006818208331821,0.5021252505988997,0.5026526960185449,0.5040882474754853,0.5067723615807612,0.5094832111908159,0.514158014315795,0.5204986298188449,0.524900233864425,0.5278919691958136,0.530240325961898,0.5301628750601668,0.5304605526215417,0.5296910944357366,0.5303363409948372,0.5326280365222809,0.5346299591243849,0.5372359928847394,0.5405672442824685,0.5439666965793666,0.5476578622464424,0.5479557147426095
SUR,0.5190380475387409,0.518560239591629,0.5128126911561104,0.4974999524728452,0.4965656084220357,0.4947986071512725,0.5067051621402967,0.5206777290380318,0.5364878068876533,0.5538255418907567,0.5573615822994558,0.5629962997371876,0.5684743881606169,0.5759495494436531,0.5871490108794365,0.5931046801285921,0.5995817423142367,0.6076130785745771,0.6145900247004884,0.6202148826437747,0.6280503542221965,0.6356864840984847,0.6406523177582052,0.6451464349374662,0.6482844618275057,0.6487519749664905,0.6361091371208734,0.6398185762443498
SVK,0.8167634565639275,0.8169706053075363,0.8054871958873101,0.7894571380178486,0.7428344774066106,0.7473190312750257,0.7606416310702792,0.7601420231748681,0.7531536114282567,0.7634607025251487,0.7710053527694515,0.7692139989403438,0.7703641419074883,0.7673923103684183,0.7657927284597208,0.7474884338021388,0.7424799585114354,0.7452977467070394,0.7463555725750619,0.7382388486012703,0.7489351210876503,0.7391540940057858,0.7439395166754057,0.7513755808933616,0.7509218034566507,0.7670000602082792,0.7740469819325362,0.7747858415523902
SVN,0.7889712538018979,0.7904047385309724,0.7918824879233994,0.7934729723640406,0.7952608064603496,0.7965346448930404,0.7969109478166257,0.8133785346621523,0.8043527127471374,0.7985505092025023,0.8015171319609217,0.7890480989140282,0.79830370296715,0.7970449552834588,0.8055894112933343,0.8009517086096026,0.8109943795358567,0.8058305010922787,0.817387818772274,0.8164055654854766,0.8120410078865683,0.8187092629238739,0.8268744676823817,0.8189911115448282,0.8283250403794724,0.8278945276839432,0.8479839931998306,0.8495049612988494
SWE,0.8757819782611648,0.8716409839285162,0.8729732666695519,0.8697069676310465,0.8625469617732934,0.8624792270192603,0.8709454299282813,0.8669109048475939,0.8595801125716125,0.8738468354425272,0.8769218826251733,0.8746877382055089,0.8806041388290201,0.8831598365852624,0.8793989449855351,0.87629433036873,0.8775601289585586,0.8814901386095119,0.8805803329958012,0.8814337494870647,0.8738834463993793,0.8821852620526572,0.8876312553224223,0.8899014536034918,0.8929486100405959,0.9006923879916526,0.9006636034042528,0.9020682498115357
SWZ,0.5068675542384765,0.5043288946511914,0.5034068568702403,0.5038147485820809,0.5053502512247801,0.5086608830383068,0.5136803743496295,0.5192461271884294,0.525719121306678,0.533594006285913,0.5425350033198311,0.5482593628024102,0.5544376816728003,0.5608143346157521,0.5660794662906762,0.5708656174090413,0.5796076909087181,0.5875610204158486,0.5951273647276476,0.6017129591953863,0.6076012150161169,0.6126094516268398,0.6180867164934404,0.6236596136415781,0.6280517436899258,0.6315078601017001,0.6332556195724172,0.634597366470234
SYR,0.26190504375503343,0.2666580017403358,0.2729806021343662,0.27694707291156145,0.2799946486908935,0.28291173400716146,0.25353273499299467,0.22713115724069408,0.20343224504687374,0.22437338554907166,0.25029620857897866,0.24745315598382964,0.24544857290894412,0.24478366412038288,0.22817679056007953,0.21312553533426,0.1992918005398335,0.19095606554155795,0.19937935447172392,0.17940112092148489,0.18186940620701533,0.179262649777048,0.17709752923239055,0.17481482405630572,0.17254808866036792,0.17030850992704805,0.171942946904405,0.16920181752078117
TCD,0.8127723460922918,0.8116414449547061,0.8110879826860462,0.8053635264177139,0.8061899013514232,0.8053126106062009,0.8028813960049658,0.8019843872062181,0.801901996977215,0.800520960165807,0.7992860369298838,0.7992616343015361,0.7992815791470643,0.801188315112797,0.8073831035010995,0.8114991824257225,0.8106540195198461,0.8113974905484337,0.8128943842071903,0.8152282217890437,0.8200510529761806,0.8206533900063678,0.8239270694310266,0.8269836299534206,0.8308180903084404,0.8338757969469986,0.8335951127870447,0.8349295638364459
TGO,0.9615581950966695,0.9609241789525396,0.9604801547164193,0.9577391154597703,0.9630586220339179,0.9669356262792155,0.9730445692529318,0.9805340409037091,0.9836719332684485,0.9881387945903619,0.9916943745379461,0.9922448271804207,0.9930299439545203,0.995381649194364,0.9967407678486905,0.9975335576467057,0.9974130506545363,0.9882702843519555,0.9789056769802851,0.9692997626735881,0.9594773242278167,0.9492586247399374,0.9501412877627525,0.9512158322289128,0.953346456142578,0.955950293954451,0.9587245386647686,0.95553707292444
THA,0.7934981296022561,0.7907017451982195,0.7881716617498469,0.7858793589911808,0.7838176935875366,0.7988191017294273,0.8135607715946439,0.8191287334209489,0.8060390190605005,0.8041168560362516,0.8087773283984817,0.7991692553106245,0.8013037561264368,0.8036360652742864,0.799730908507758,0.8063530187513877,0.7966431600339581,0.8010530341550249,0.8019406765610093,0.7958729581501797,0.7977499347572262,0.8145513206529108,0.8057563946367822,0.7873770885246929,0.7873909737088073,0.7839276550398661,0.7830172680333618,0.7827094899158811
TJK,0.6489964141296822,0.6509699881844712,0.6530008304860533,0.655197086650865,0.6577188296835239,0.6606587882821646,0.6637706141935484,0.6672643552593741,0.6709871321371561,0.6747414200050915,0.6783489283934142,0.6803083035863469,0.6818804983867832,0.6830317714323195,0.6861968716473152,0.6816696150304239,0.6764474502054678,0.6704262067019047,0.6643223966708552,0.6617881248356843,0.6566279139540748,0.6503331784873772,0.6438591882169188,0.6375598231158269,0.6321415109576114,0.6277169548673419,0.6232048805594488,0.6204995603231681
TKM,0.6662660731212322,0.6690867127717746,0.673485442042908,0.676123657409119,0.6802689416310512,0.6830718603523586,0.6849391312904787,0.6877661519970695,0.6892755893724539,0.6902171577844882,0.6917001185529621,0.6932484895243877,0.6950483458091488,0.6965819623665382,0.6976679440063719,0.6979842484092494,0.6978831475807795,0.6972721405632614,0.6961792811299492,0.6950575358838105,0.6936925324794465,0.6920766428316875,0.6902996199982548,0.6883522479393145,0.6863523996554641,0.6846715598142901,0.6833458943526451,0.6821830522734117
TON,0.4758467966853983,0.505623606699398,0.5367556288008201,0.5692336195487845,0.6028743539975662,0.6033065570202292,0.6030525451024132,0.6028104672899133,0.6030730879055082,0.6034841660478909,0.6038855923077996,0.6037012868297209,0.6039051820922808,0.6042858620745212,0.6043462369565371,0.6050989121207653,0.6047772810350874,0.6037155331973999,0.6039670910063739,0.6043073015854613,0.6052687656647542,0.6064362078629629,0.6070281535667452,0.6065089789898126,0.6069911735296057,0.6076978028683679,0.60857609864109,0.6088134999412367
TTO,0.5058214274231021,0.6605028220637899,0.61471902291182,0.5858597938527133,0.5866799861388473,0.590442534840769,0.620947237710372,0.6172932341919352,0.613961673038368,0.6145322216040341,0.6090502807595474,0.6204456738104636,0.6321776595924342,0.6558310765976839,0.6790719016069452,0.7019204229199,0.7061612539129793,0.6831332292835768,0.699748131357994,0.6821554660952918,0.6968554788861276,0.7036641698525528,0.710259174076592,0.7167338773044476,0.7157531188827159,0.6957388436043841,0.6886345162480656,0.6924862608146697
TUN,0.2976862880077231,0.2984121118899649,0.3013682381313747,0.30222042821359396,0.30390592789798593,0.3082464844661288,0.31305844456816107,0.31796050141653875,0.3208709302172601,0.3239902399748287,0.32736564183058814,0.33081691366197186,0.3346025415067211,0.3387653669833145,0.343250796532317,0.3480929738601215,0.35493255223574294,0.3619156687989607,0.3632778835383211,0.35366100867817263,0.35113607578050926,0.3479293953023553,0.3559866604879593,0.35379189784832454,0.3514525246692971,0.348134334711073,0.3444977936581725,0.34370794598211774
TUR,0.42128585509619226,0.42355110354136705,0.408539197050577,0.3416027969203112,0.39696432566494727,0.3970024563511133,0.3951718675597319,0.3758557893034263,0.382278962549266,0.3972695952550182,0.36194763296725746,0.37453938838078943,0.3924090427432471,0.38041679989170374,0.33453524204552615,0.3323588048490201,0.337057138139517,0.33793446431847324,0.34807464655492754,0.36872649282419007,0.38817652532681574,0.401610853589819,0.4136409725250458,0.42761764399693264,0.4244968129912791,0.43892507857788904,0.4504510700946103,0.4499193730126119
TZA,0.9630728500077411,0.9629582086001963,0.9629938324962584,0.9634583383690053,0.9643080228227531,0.9658328969221047,0.9662121545579571,0.9669633668460205,0.9680577971123133,0.9693537532296685,0.97047330519445,0.9704369913574143,0.9701783008594294,0.969625033713987,0.9692588270745138,0.969166841340632,0.9684065018782604,0.9687566645881284,0.9691129159179123,0.9696456961395689,0.9704387066381922,0.9714996892930102,0.9514003594732412,0.930613036311161,0.9087398191656544,0.9100114675936208,0.911266908923501,0.9093822310018619
UGA,0.8080221984709339,0.8061206922324923,0.809987318892961,0.813829140194895,0.8176392351165968,0.821379894178992,0.8249899401323063,0.8285226156661616,0.8319985223887921,0.8354006175804564,0.8387350641959281,0.8417058111056014,0.8446616602515209,0.8476043444027043,0.8505107064216453,0.853385837635468,0.8560110426728849,0.8586336919223666,0.8612297928646362,0.863847917744081,0.8664588516293443,0.8691649210972298,0.8719041616248508,0.8749275171113202,0.8789459918334022,0.8835031117227863,0.8874852005564638,0.8887628164348461
UKR,0.818502581912058,0.8163960544040372,0.813270839157797,0.8094930329045726,0.8079760233032514,0.8099258086974586,0.8043665189032073,0.7995988635753396,0.7941773990894837,0.7865843306338939,0.7888400092006894,0.7946236230760981,0.7980039675848304,0.7989411018440203,0.7925164301500313,0.7714653942651902,0.7718342137634849,0.7717878840148023,0.7715708425152817,0.7714918116950161,0.7686406112265475,0.7574682272053849,0.7427892119408593,0.7531110157806619,0.745686095238472,0.747800404232744,0.7470644366747631,0.7451500082258768
URY,0.5968904909459446,0.6007952275485192,0.6227806788680753,0.6214094878478621,0.6303606123425862,0.6412929140009793,0.6511487665304826,0.6610965364590528,0.6711039060599115,0.6775719845868455,0.6841130018556767,0.6981065465051813,0.7009572039993647,0.7050046363782836,0.705724859176284,0.7061962270096743,0.697085610315745,0.7040996949461795,0.7095602202552668,0.7147637381073235,0.7209865755053145,0.7286490062984466,0.7339595623397178,0.7248872712322506,0.7384638160193071,0.7416057722183987,0.7526916553646116,0.7539970266862949
USA,0.7464871335764275,0.7505122585376597,0.7554610121374236,0.7602530908118061,0.7759382794994918,0.7783617397280551,0.7827188374448929,0.7890846893105896,0.7908466573215921,0.7937305520822378,0.7951688858951929,0.7979673237119005,0.8005328275269833,0.8062505563763941,0.8048551097611377,0.8067206114703379,0.8067397502519288,0.808860662501271,0.8142123287274137,0.8215703489676245,0.8222273158147855,0.8208111509287714,0.8176273041643434,0.8159680041254527,0.8186102331030954,0.815911383133983,0.8166808071173646,0.8164147544251676
UZB,0.668887377665691,0.6712999569330027,0.674490787028302,0.6771716520337029,0.6799427442823155,0.6824447245703634,0.684788304956837,0.6869216990246676,0.6890829450322553,0.6912265032103426,0.6934069468411629,0.6953862830839932,0.6973043085077777,0.6990470680987689,0.7002267537822278,0.7010574482878286,0.7014705570562583,0.701425947856968,0.7011157428150182,0.7005453660456371,0.699727762234482,0.6986739442986875,0.6973243487855355,0.6958571859280065,0.694397598149495,0.6930525456645455,0.6919225151353663,0.6909149317495987
VCT,0.5459755233567529,0.5524604374291073,0.5653159864214841,0.5754481351838504,0.5785440390480125,0.5928630559469853,0.5991964147969165,0.6080288789776562,0.6174212595692039,0.6241399398172486,0.6289445510648601,0.6360577882384827,0.6479287968595693,0.660825608019875,0.6697348860619851,0.6769453955152549,0.6899724714391912,0.697251834729449,0.7044787216801498,0.7065294246456024,0.7070975149726392,0.7092895899086028,0.7135301885432552,0.7180045938707745,0.7211593120414066,0.72376037484853,0.727331533337686,0.7301844335546839
VEN,0.516645441181248,0.5263060021236373,0.5348392814202748,0.5403679500415364,0.5441345127427457,0.551202547258122,0.5565754069583517,0.5651428914685159,0.5700029503589292,0.5713579719360008,0.5790104687504312,0.5865493751151304,0.5871163029461147,0.5889246704011235,0.6045896089223545,0.6166830195292703,0.6283120999647139,0.6275325703741782,0.6355689108481511,0.6433193858789562,0.638214680360035,0.6459768725294583,0.6466640234721953,0.6526661690433883,0.6547196463637089,0.6548387858378011,0.6460374717146398,0.6487777708682742
VIR,0.8330273512879974,0.8335738454906283,0.829883286218388,0.8213383634613147,0.820906853584802,0.8215666801933345,0.8166296774499882,0.8179129224797066,0.825322592560705,0.828371996971359,0.8338638016598516,0.8415156397713905,0.8483309247979901,0.8510152733467659,0.8544957847495961,0.8589362846867378,0.8612146332304548,0.8657614932361142,0.8678994493150466,0.8655771268443517,0.8672794418248787,0.8700784949560934,0.8722570515512797,0.8739852048202363,0.8764049716642371,0.8799969967981176,0.8826982045714546,0.8848893706118082
VNM,0.8878475175644179,0.8880496469749538,0.8883927745643526,0.8886595665118706,0.8889713341940386,0.8892784781922333,0.8897317918232308,0.8900967251482852,0.8903133707198795,0.890452172779946,0.8905883654704033,0.8906150804718489,0.8905928555029599,0.8905368950762133,0.8904049176687117,0.890182616409753,0.8901374844322698,0.8900718896504698,0.8898165479452188,0.889426475625678,0.8881496131523049,0.8876317313652557,0.8873248036475531,0.8872787927399534,0.8854027904721924,0.8745470887674788,0.8768806963785442,0.8774529320655016
VUT,0.7764182446461338,0.7764021925770052,0.7764626865475098,0.7767816836742314,0.7763238011558486,0.7765940039416594,0.7768532220585227,0.776773899361274,0.7766989138338684,0.7768512969669589,0.7766286588655156,0.77720521707871,0.7778915558777165,0.7777398553353393,0.7775938375885638,0.777354721274987,0.7756357135357275,0.7739228649930329,0.7721837679180615,0.7708688317935635,0.7701584836233967,0.7706692121965579,0.7715008166509316,0.7724075241595924,0.7730465377031612,0.7732500142946235,0.7733385323127709,0.7729979597933714
WLD,0.6418674086270192,0.643766971610727,0.6450808606512572,0.6451035045321524,0.6474977783583571,0.6478898994109182,0.6489197736308354,0.6502215692774165,0.6506385291937946,0.65232622550318,0.6529667592111434,0.6542294063950852,0.6559306102962644,0.6572924373225583,0.6584811197289783,0.6599673763530239,0.6579421770593261,0.6554134629198425,0.6526429132842899,0.6507740631658772,0.6474760638512497,0.6463668377735142,0.645324081581159,0.6458555757279136,0.6463133668946417,0.646702385663278,0.648911353230808,0.6474734163736262
WSM,0.5902049620711282,0.5877355932735066,0.586522507898086,0.5875424525597338,0.5845545273188401,0.5862515610387239,0.5877213759443177,0.5853443733039483,0.5846523856249586,0.5845223776932985,0.5882794663715504,0.5921074570334033,0.5940417015370455,0.5965752221819324,0.599883474524605,0.6030641103960613,0.6034991713245091,0.6090670880819299,0.608894932660186,0.6021223481818478,0.6019367304768836,0.6074183895010535,0.6067986614446831,0.603366251074733,0.6035241097114872,0.6041177242841558,0.6105695105403277,0.6108567052641285
YEM,0.22830482061788282,0.2273256293983202,0.22755474982590956,0.22791933691030794,0.2295492767463716,0.2431451796982526,0.2573035887656451,0.2720954152183378,0.287648192748816,0.3038408725368018,0.2853440996904254,0.2677172099407315,0.25095023804192557,0.23503036024835616,0.21992048914271092,0.20566441864208593,0.1922535522932211,0.17967127711073413,0.1678386527601276,0.1566553551696148,0.14606741889875338,0.1292660095995313,0.11444837651657017,0.10141126427720781,0.09000000367899416,0.08916965871477735,0.08874156767335324,0.08613980022204679
ZAF,0.6277592335208826,0.6354694564209564,0.6432376735799322,0.6528648513453537,0.6638987079577477,0.6755283201923533,0.6855091416118239,0.6949894637565527,0.7037587204307021,0.7135787337058916,0.7243454934675677,0.7321082722754079,0.7405915286109247,0.7487979036156195,0.7462111723296548,0.7436242015044242,0.7413108415528491,0.7388268863367999,0.7474266560289565,0.7444639253104813,0.7398848901319249,0.755326815810278,0.7527927702213233,0.767192620307851,0.7684939394536742,0.7722044256720638,0.7703107758272221,0.7715552695420256
ZMB,0.860183616029405,0.8598030004321001,0.8597555045536843,0.8614617743506112,0.8607233511982002,0.8617900371941281,0.8623193581251022,0.8625177906523334,0.8620532108689356,0.862463342236796,0.8628604569750368,0.8613142307071828,0.8600981783345796,0.8595556533591877,0.8592719810396982,0.8592493823904688,0.8599452265402394,0.8607287988146133,0.8616883812820053,0.8628230403908265,0.8641614332532845,0.8655688878874231,0.8672298590907757,0.8701311463516447,0.8732882393296897,0.8764362048347035,0.8792928439352431,0.8803695805560227
ZWE,0.8249653167324138,0.8272940788974704,0.8272783952393221,0.8295907087760515,0.8338328630674096,0.837015644580071,0.840975066372687,0.8440586289807548,0.8296391490705165,0.8157861524458256,0.8296741078824869,0.8419376952819857,0.8532882742121773,0.8640232701495584,0.8743322257159007,0.8743562628076492,0.8742449144878742,0.8742467740465314,0.8743716883089783,0.8746845079557439,0.8751131139262097,0.8756539341426259,0.8771987354415158,0.8778042874483222,0.8784415502244595,0.8788011463548866,0.8795533098193662,0.8813654557238041
