Country Code,1990,1991,1992,1993,1994,1995,1996,1997,1998,1999,2000,2001,2002,2003,2004,2005,2006,2007,2008,2009,2010,2011,2012,2013,2014,2015,2016,2017
AFG,0.170579744,0.171386693,0.172137493,0.172345263,0.172432922,0.1732256,0.171362426,0.16968729,0.168608362,0.168044683,0.167691446,0.171014356,0.17493084,0.178776539,0.182145242,0.184967056,0.179940458,0.175169463,0.171435485,0.169559192,0.169957825,0.176327841,0.184791019,0.194735137,0.205302813,0.215845008,0.22393533,0.224570994
AGO,0.921182626,0.919661589,0.918335127,0.914296247,0.915948293,0.918873738,0.919928004,0.921028979,0.922410463,0.923605454,0.924923952,0.924881253,0.92341726,0.924274642,0.926144768,0.92920537,0.931109882,0.933789934,0.935467067,0.935406086,0.935750433,0.935298889,0.935698862,0.936868904,0.938037009,0.93920261,0.939572691,0.940468396
ALB,0.720140828,0.745257035,0.74968925,0.740724373,0.734181486,0.726140047,0.718269376,0.722566997,0.715309913,0.706948189,0.702690212,0.699356733,0.698096319,0.700495555,0.703715937,0.707652181,0.712509373,0.7176283,0.722840173,0.699076087,0.72546996,0.731303625,0.738176296,0.712735076,0.70112084,0.731664591,0.729236133,0.727965084
ARE,0.32375459,0.32625473,0.329367441,0.331428321,0.335485915,0.33921148,0.345478016,0.351699025,0.357654747,0.36328021,0.368510766,0.375512556,0.382163006,0.388755712,0.395299861,0.401696563,0.421345906,0.439377339,0.456388738,0.461748768,0.460161051,0.458440776,0.45783453,0.456038543,0.452401925,0.44796613,0.445710995,0.44478152
ARG,0.58702823,0.596621394,0.607731355,0.615788259,0.623680389,0.624298708,0.631771122,0.641045101,0.646948648,0.646775304,0.648802792,0.649055039,0.643284695,0.65263819,0.662248139,0.653539402,0.660075349,0.652685724,0.645571969,0.654806183,0.626455463,0.645647122,0.650284088,0.646474739,0.641810173,0.646155274,0.646343761,0.646250085
ARM,0.69496531,0.695993617,0.697561502,0.699612692,0.702011207,0.704666309,0.707895213,0.71120303,0.714549695,0.717866965,0.721031131,0.722163542,0.722781508,0.722824612,0.722266092,0.721174102,0.719162486,0.716913617,0.714345604,0.71369295,0.692581496,0.734881512,0.737027861,0.745820845,0.733849309,0.729210579,0.728111565,0.728757841
AUS,0.690519891,0.695672524,0.700083525,0.702484053,0.71419469,0.725708987,0.730404643,0.733400768,0.737225456,0.741815717,0.755379519,0.765576442,0.76948291,0.781749445,0.778958109,0.790297507,0.796769333,0.801674992,0.807223921,0.813205937,0.810310603,0.816003617,0.819583954,0.821943133,0.82592779,0.829885862,0.838297958,0.839596104
AUT,0.620666504,0.625537485,0.641614374,0.651404461,0.682968502,0.694064441,0.693518277,0.699869567,0.707260544,0.708725208,0.710424743,0.718542825,0.735115658,0.7378845,0.76103179,0.766184299,0.772741032,0.775547301,0.78445268,0.795922965,0.800236319,0.808105068,0.815268221,0.819258148,0.825406236,0.826378104,0.829739339,0.832426943
AZE,0.74274396,0.743766753,0.74840972,0.758139706,0.770723767,0.781018745,0.783674225,0.7844855,0.783901393,0.785070794,0.811092732,0.835662285,0.859294086,0.881912601,0.903619495,0.924734956,0.945421139,0.966015725,0.950699824,0.934995807,0.918651153,0.902307522,0.903384144,0.902286573,0.905810257,0.910238476,0.903161547,0.905437747
BDI,1.003648199,1.004368972,1.0055063,1.007004067,1.008783444,1.010763146,1.01119407,1.011653284,1.012108623,1.014250672,1.016501372,1.018614117,1.020358222,1.021757613,1.022825435,1.023704684,1.024095394,1.024546434,1.025148237,1.02596412,1.026968311,1.029531915,1.032226019,1.035056578,1.037903666,1.036277365,1.035006123,1.035647346
BEL,0.601658899,0.621664101,0.637788528,0.655200441,0.658360597,0.663916575,0.667237357,0.677583153,0.687399698,0.706152913,0.710025435,0.692325562,0.705514921,0.712290153,0.732494617,0.742208662,0.750435941,0.759185336,0.768084011,0.77427746,0.781217628,0.784374834,0.785150933,0.797156068,0.808507736,0.811997988,0.810087482,0.81391943
BEN,0.642623441,0.642711479,0.643073339,0.658806225,0.675127733,0.692061558,0.709665721,0.728030728,0.747166219,0.76715337,0.788001703,0.809677574,0.832328569,0.84817516,0.86369748,0.878812843,0.893504611,0.907858468,0.921854193,0.935548218,0.948923947,0.923051861,0.925213438,0.928443137,0.931751918,0.934042364,0.936314223,0.939173148
BFA,0.839470035,0.840032227,0.833184239,0.8263594,0.819155664,0.811911178,0.804344166,0.79625629,0.787959599,0.779317501,0.770085038,0.760468874,0.750452915,0.740318118,0.729765721,0.719123276,0.707862694,0.712367411,0.717642597,0.723785294,0.730888767,0.738945263,0.74822999,0.758912264,0.771152416,0.773145552,0.77528057,0.77368709
BGD,0.261907739,0.263197913,0.265396322,0.268470814,0.272368097,0.277059287,0.282013799,0.287826448,0.294133144,0.300392281,0.306290571,0.310556787,0.314573038,0.318303145,0.321803678,0.325248648,0.32701192,0.334586507,0.342424877,0.350504703,0.358852596,0.367125361,0.37563432,0.384404616,0.393445469,0.402731858,0.412129557,0.41396117
BGR,0.88278691,0.884444684,0.886118461,0.878600397,0.869726402,0.859251754,0.848530912,0.836323444,0.822743892,0.807822723,0.791586173,0.823373197,0.824236971,0.802814631,0.806808555,0.792907891,0.806210346,0.803235722,0.789403894,0.788111696,0.801270023,0.810860004,0.814646413,0.81434805,0.80932335,0.808555569,0.801661615,0.802156132
BHR,0.327119973,0.330878818,0.338253841,0.345803492,0.353494704,0.361127896,0.369609874,0.377604456,0.385354753,0.393205322,0.40127389,0.413197344,0.423956073,0.4338721,0.443068868,0.451958456,0.461729269,0.471207556,0.480730673,0.490507374,0.50080104,0.496312625,0.497449592,0.499016997,0.500982123,0.503488675,0.504852928,0.506440307
BHS,0.816207584,0.818016456,0.820232831,0.822851226,0.825825173,0.829341733,0.83158844,0.83357455,0.839213387,0.846606119,0.849631067,0.85252896,0.854678354,0.852865613,0.85360331,0.857011526,0.857830766,0.85796152,0.855663815,0.852552629,0.855279454,0.854676208,0.856830252,0.85630832,0.854936038,0.852291513,0.851274539,0.85334649
BIH,0.649159819,0.647643142,0.645110047,0.642010362,0.63914155,0.636645258,0.635944018,0.635856791,0.63571265,0.635039841,0.634270423,0.633628156,0.632739029,0.631686198,0.630419261,0.626000018,0.624850811,0.624026046,0.62354571,0.621131855,0.619831421,0.618503993,0.616710777,0.61586753,0.614548807,0.610636568,0.599761939,0.599556638
BLR,0.787632153,0.788366008,0.78698694,0.786133625,0.785999389,0.787697361,0.79112868,0.795679928,0.800607351,0.80440178,0.809601154,0.814471941,0.817951195,0.820338957,0.822032727,0.823170974,0.825095387,0.826462034,0.827342632,0.827554769,0.827312433,0.827714974,0.827597482,0.827119371,0.826562325,0.825981591,0.826855599,0.826920641
BLZ,0.42127053,0.429272981,0.438855822,0.442030041,0.43840655,0.438925961,0.442110041,0.455022281,0.467856456,0.480706985,0.493572676,0.50669983,0.519970631,0.533341494,0.546780315,0.560178753,0.574747251,0.590012523,0.605853796,0.622276611,0.639155645,0.646540568,0.655585379,0.650787127,0.647192636,0.644998745,0.650348804,0.655249211
BOL,0.682768815,0.686937778,0.690547896,0.695095188,0.699901832,0.704740926,0.709029972,0.713682592,0.717606431,0.721469326,0.725695363,0.731774069,0.737855535,0.743982777,0.750142493,0.756208832,0.762066367,0.747370348,0.758975173,0.761849514,0.755914466,0.750892125,0.724185764,0.736038624,0.744398721,0.683553783,0.689179703,0.690597865
BRA,0.504252662,0.517282535,0.530480251,0.543858139,0.557382076,0.57104485,0.585018959,0.59915269,0.61342812,0.627805438,0.642295165,0.65695958,0.674595742,0.682048963,0.691588674,0.699487658,0.707452711,0.707521841,0.710196532,0.712894866,0.702440077,0.691903995,0.696155743,0.69610013,0.698647928,0.707715164,0.711481738,0.711863949
BRB,0.789215378,0.804552558,0.804615923,0.811919655,0.818977141,0.8229997,0.858538796,0.836091208,0.837676255,0.839346322,0.841118126,0.842475956,0.843765336,0.845116326,0.848353902,0.851007355,0.853641276,0.856108792,0.858516986,0.860938554,0.8691343,0.867267781,0.862389577,0.877976665,0.895827539,0.884459744,0.887539702,0.8888239
BRN,0.559931477,0.565406795,0.579580788,0.594006066,0.608775233,0.624157214,0.638023455,0.652560453,0.667932198,0.683555894,0.69873864,0.711179668,0.714563848,0.717910101,0.72159433,0.72579573,0.733381541,0.740615154,0.747267116,0.753352857,0.759248126,0.765976967,0.773317391,0.781207982,0.789304659,0.789258235,0.788559639,0.790340541
BTN,0.674201542,0.672095353,0.671809655,0.672409254,0.672379179,0.671131147,0.68378772,0.697337657,0.712040929,0.729127731,0.749080465,0.780934565,0.810888997,0.836006878,0.854641931,0.867066418,0.876927551,0.8834368,0.886653168,0.887406455,0.868658986,0.854981325,0.943440806,0.799030532,0.758516422,0.779291729,0.776203324,0.781339606
BWA,0.610833239,0.618275831,0.624521262,0.630854524,0.638691248,0.648764458,0.657029238,0.667422428,0.676781784,0.694960562,0.717360073,0.726739402,0.735752104,0.744482261,0.752948935,0.761198009,0.769529839,0.77958156,0.789588756,0.799511163,0.795891696,0.798026673,0.809106996,0.824771023,0.828707013,0.831026594,0.833963932,0.836678494
CAF,0.8022619,0.801735728,0.800644213,0.801819323,0.804522552,0.808163805,0.806780246,0.808032644,0.809650987,0.811590535,0.812655806,0.812049254,0.812156698,0.81084709,0.812515125,0.813305931,0.81204241,0.811279411,0.810530497,0.810388357,0.811337767,0.80751119,0.804530377,0.79165683,0.789872927,0.789678254,0.79295634,0.792185691
CAN,0.761944892,0.771796372,0.77664752,0.779521658,0.779627785,0.785800284,0.788854913,0.792823839,0.802091006,0.806302795,0.813121296,0.818554242,0.826574124,0.835581447,0.839845941,0.839466536,0.848616844,0.855283157,0.853966348,0.862116966,0.865849228,0.864175248,0.868634736,0.871439889,0.867121898,0.862576962,0.867357955,0.869071465
CHE,0.708589103,0.703953208,0.714134128,0.710982179,0.706864406,0.705323961,0.722025085,0.72660092,0.741861377,0.746601133,0.743874308,0.762582361,0.774658753,0.777518113,0.781398,0.792427464,0.794753012,0.793402096,0.814948928,0.819353936,0.806384308,0.811864375,0.819110593,0.82671188,0.836730826,0.840608442,0.844935305,0.847917598
CHL,0.416894113,0.414102434,0.438525133,0.454573434,0.455484705,0.4463513,0.454893546,0.467716696,0.477870178,0.481625097,0.478800758,0.477045432,0.482619755,0.501385203,0.529174794,0.525160908,0.534658612,0.558567072,0.580327683,0.592099714,0.627696012,0.648501475,0.654518584,0.662155842,0.67118316,0.669508173,0.67737988,0.679692036
CHN,0.863265381,0.862448242,0.861289155,0.859925115,0.858548087,0.857281272,0.856224168,0.85525501,0.85442004,0.853873899,0.853701071,0.850625879,0.847594644,0.844426034,0.841006468,0.837369689,0.83368036,0.83003454,0.826425733,0.822759531,0.818913748,0.818039016,0.817091647,0.816329395,0.815196273,0.813731668,0.812027158,0.80836123
CIV,0.574125986,0.574804624,0.576198175,0.578157488,0.580598312,0.58472631,0.586507498,0.587431526,0.588927757,0.593542048,0.598427557,0.603590013,0.609119419,0.615049003,0.62137983,0.628079255,0.634981773,0.642248814,0.649914428,0.65798953,0.666445265,0.675216051,0.68439102,0.693955054,0.703894685,0.714226247,0.724956307,0.727142202
CMR,0.848649014,0.846299821,0.844673367,0.842652627,0.843329166,0.845046255,0.846218101,0.848157732,0.850592965,0.853171167,0.855840847,0.857465758,0.859073942,0.860743128,0.862402793,0.863825605,0.864203379,0.864959199,0.865827742,0.866553666,0.867525415,0.867956055,0.868738199,0.870018135,0.871764975,0.873959724,0.875644537,0.876821807
COG,0.922898761,0.925965516,0.929716083,0.932330508,0.932911458,0.937058288,0.939943903,0.94051217,0.942559272,0.941872015,0.94524424,0.944822972,0.945243234,0.944244553,0.943972234,0.944770136,0.945364103,0.942333139,0.9420905,0.942991565,0.945088985,0.941123187,0.938609565,0.937040074,0.93763781,0.937403685,0.936143266,0.93659247
COL,0.382112779,0.388118794,0.394679162,0.400356446,0.416631795,0.433187216,0.449954045,0.466910006,0.484037955,0.501265399,0.518538324,0.535788186,0.553000458,0.570142961,0.587170233,0.604020297,0.6206665,0.63706367,0.65320221,0.669053588,0.681407005,0.69031178,0.699413729,0.706159375,0.702812057,0.711795631,0.710074037,0.712019791
COM,0.583761885,0.578503461,0.58232472,0.584397615,0.582943116,0.587864621,0.590306794,0.596630491,0.602385158,0.609445047,0.622577622,0.629879443,0.63809633,0.646660799,0.655058462,0.663559813,0.670212351,0.675325487,0.679858891,0.685125742,0.690298016,0.694161998,0.69836847,0.70297127,0.706779201,0.710190973,0.71352757,0.716121205
CPV,0.495778209,0.495033293,0.496331666,0.497704776,0.501627519,0.505604482,0.509140485,0.513346208,0.518648938,0.524750685,0.5325804,0.54018135,0.549430109,0.559486924,0.571618074,0.583534853,0.59423229,0.606436767,0.616441145,0.624084368,0.632278013,0.641723699,0.650976978,0.660318129,0.669732312,0.678537996,0.688975548,0.693484522
CRI,0.392024401,0.408993005,0.406353058,0.414698926,0.42847376,0.436119132,0.429464218,0.460636204,0.487147393,0.492986797,0.479626205,0.515084702,0.523628277,0.509990791,0.513925797,0.555465816,0.558227766,0.568702093,0.580315075,0.595591826,0.572776122,0.59290637,0.595943698,0.604558866,0.643493451,0.644779427,0.608575136,0.613138034
CUB,0.560295554,0.542706072,0.524016677,0.501348918,0.499191434,0.499049644,0.506996583,0.508495595,0.507175434,0.513082583,0.520070301,0.524715972,0.529176324,0.536658128,0.545364238,0.567788057,0.590927958,0.608492118,0.611249883,0.616032497,0.615110445,0.617046389,0.619189815,0.620699306,0.619508148,0.620482446,0.616747269,0.615645016
CYP,0.629326683,0.635567763,0.650878528,0.63650104,0.661864332,0.645728885,0.651943074,0.68314597,0.681127433,0.680518705,0.689933724,0.723709304,0.737697379,0.746599549,0.738941273,0.732130569,0.748678507,0.767733648,0.77942205,0.798595108,0.816167537,0.815363897,0.807140249,0.812797067,0.841036407,0.858452118,0.857600707,0.859905216
CZE,0.733266416,0.732083671,0.733633057,0.73476326,0.737243706,0.73320521,0.72667875,0.733308616,0.737219318,0.744063849,0.745204498,0.743538426,0.738476677,0.747156913,0.741905267,0.737358006,0.737804816,0.729292778,0.723878978,0.725885163,0.724522098,0.732597263,0.739603819,0.748195061,0.745724003,0.753535307,0.758614652,0.760654117
DEU,0.623407997,0.662633262,0.671196141,0.673175349,0.683367339,0.689417762,0.694555704,0.702487342,0.708596089,0.718609531,0.724324241,0.734666809,0.744539421,0.753141449,0.755964633,0.75997186,0.772331117,0.77861771,0.781472053,0.789085491,0.794270314,0.804103231,0.806402668,0.815049362,0.81947865,0.824694921,0.829284446,0.831625575
DJI,0.574447737,0.571896283,0.574154074,0.577278248,0.581591109,0.583247883,0.586330145,0.58804179,0.589028705,0.592048647,0.597411299,0.601359126,0.6081274,0.616792841,0.625533261,0.633063208,0.640292007,0.647177179,0.654122584,0.661334057,0.668828001,0.677678929,0.686784265,0.695926128,0.705224823,0.714391629,0.721208751,0.721811213
DNK,0.826532546,0.838464505,0.846176058,0.846450385,0.811310907,0.793384818,0.799116072,0.802707533,0.828271193,0.82632108,0.837412313,0.839698411,0.835794225,0.83210497,0.840268917,0.847206238,0.855019799,0.856561594,0.857429743,0.863611771,0.865786381,0.871696337,0.877585326,0.88553336,0.875479169,0.868590139,0.88010449,0.880918712
DOM,0.519327227,0.518841203,0.529802204,0.536655867,0.537520227,0.542776395,0.550512731,0.559823197,0.568209167,0.576073608,0.58225616,0.584208813,0.590555251,0.588941133,0.589531399,0.600181966,0.612510969,0.622897158,0.611574749,0.600465168,0.626360962,0.644944453,0.654230833,0.659222353,0.667783711,0.676311345,0.682993997,0.684341008
DZA,0.150380666,0.149933711,0.150367455,0.150165686,0.150431128,0.151872676,0.153197696,0.15391731,0.155174447,0.156967636,0.159323203,0.162186627,0.165604566,0.169550824,0.17399541,0.17891424,0.18429694,0.19020088,0.196679302,0.203752048,0.205279391,0.21930406,0.234404005,0.240494612,0.227576188,0.2260012,0.224429844,0.226198801
ECU,0.561600242,0.567884587,0.573560935,0.579450602,0.586504768,0.592586747,0.598255061,0.603925105,0.626487068,0.631070436,0.635848563,0.640804954,0.645993326,0.66313336,0.663333573,0.664591206,0.663388599,0.655737303,0.648212051,0.640785995,0.61972317,0.614413442,0.62988569,0.622128575,0.6061821,0.64301288,0.685122189,0.681529224
EGY,0.294419527,0.294074719,0.295908789,0.297998749,0.304803627,0.290893971,0.281762815,0.27301567,0.264608786,0.271157951,0.274061828,0.281289826,0.263235854,0.267223543,0.271880123,0.27731254,0.283773835,0.309590572,0.307604104,0.305844258,0.300551509,0.289486881,0.291453052,0.301159082,0.301048969,0.301754561,0.299623472,0.300917006
ERI,0.835877906,0.83015612,0.824875301,0.82258826,0.821963373,0.819287337,0.824416478,0.829555268,0.833869754,0.837972718,0.841466886,0.848598435,0.854688391,0.859547971,0.864661535,0.869417836,0.86866733,0.867973353,0.864887818,0.863856631,0.862367898,0.862074124,0.861599323,0.86060296,0.86028872,0.860384396,0.862465683,0.86318125
ESP,0.500977111,0.506212328,0.523092285,0.534963097,0.557942785,0.57223748,0.579395645,0.590109161,0.593036737,0.600688612,0.617564292,0.603019556,0.634503047,0.648778436,0.665847844,0.67801622,0.695743384,0.708728497,0.726824417,0.751183501,0.76581581,0.78182748,0.795779568,0.803343504,0.80619387,0.80855601,0.814305083,0.817698631
EST,0.747740508,0.747530738,0.747590183,0.747378565,0.747512057,0.748914893,0.758570837,0.770788612,0.758592918,0.767093579,0.789566849,0.795456606,0.798079812,0.785328354,0.809895582,0.826389878,0.810149061,0.791134649,0.795005869,0.802907129,0.820411537,0.81832247,0.810722513,0.809994307,0.792287704,0.805414547,0.800274895,0.802251788
ETH,0.741648784,0.739460054,0.737276097,0.738196126,0.738210147,0.749650382,0.760636485,0.771345952,0.78171786,0.791675875,0.804818118,0.817373989,0.82948631,0.84114543,0.852391634,0.863205958,0.862918275,0.86269878,0.862504974,0.86230474,0.862309864,0.862341135,0.862288944,0.862322894,0.867406834,0.872553698,0.876998995,0.87925306
FIN,0.819794269,0.820859226,0.81934167,0.817813345,0.818457522,0.838437529,0.853241546,0.835463477,0.838973469,0.85314009,0.848712297,0.853663351,0.860828086,0.858764051,0.865501616,0.873486314,0.875496473,0.879245488,0.872601623,0.890257567,0.877254837,0.871474985,0.880051598,0.884124025,0.889533519,0.891359516,0.884201344,0.885597917
FJI,0.50011899,0.499812681,0.49947976,0.499165507,0.498898333,0.498594132,0.498543951,0.500325924,0.502187444,0.504131122,0.506111767,0.508070926,0.510082729,0.512131527,0.514179592,0.516269874,0.519118427,0.522176861,0.523466964,0.525333143,0.527752632,0.53038822,0.533433708,0.536812596,0.540437375,0.540739469,0.540248298,0.540701841
FRA,0.705219712,0.718584057,0.726190125,0.738769017,0.746325547,0.755899423,0.758430044,0.756312222,0.764336793,0.769131984,0.77257484,0.772686597,0.773446115,0.792685837,0.791365446,0.80119258,0.805618504,0.813062456,0.816249301,0.820416278,0.821855708,0.825032938,0.825421787,0.831464151,0.834883773,0.835678065,0.838545802,0.841065214
GAB,0.620155842,0.618910756,0.614173781,0.614080122,0.614958867,0.617564153,0.620041479,0.624434318,0.628571434,0.626902633,0.629746326,0.635614045,0.640958939,0.647872415,0.653755665,0.660736748,0.665666848,0.674341443,0.676908942,0.68043943,0.686935996,0.694661631,0.701464561,0.708271884,0.714195408,0.720036035,0.717886348,0.721513227
GBR,0.701820929,0.705657971,0.715007277,0.727319877,0.731097441,0.733926463,0.743028345,0.750288709,0.754510344,0.761087533,0.765735339,0.77159045,0.781031984,0.777466944,0.787323511,0.790330556,0.793745353,0.792734331,0.795214553,0.805212469,0.808877198,0.812964932,0.814473012,0.820866687,0.826679386,0.829381031,0.832768547,0.834192264
GEO,0.767456249,0.774234015,0.782278385,0.791798011,0.803038717,0.797298025,0.783750603,0.773105706,0.770495039,0.768662001,0.739765137,0.762928781,0.750608384,0.761413352,0.763868877,0.756240685,0.748298044,0.740359984,0.732661434,0.725555603,0.746389556,0.732805178,0.732313106,0.731759044,0.733666395,0.748065484,0.733979101,0.734237649
GHA,0.92164177,0.923919744,0.926384251,0.929454314,0.932454692,0.935875435,0.938245599,0.940609723,0.943312898,0.946258701,0.949351825,0.947162278,0.945213657,0.943592516,0.942259805,0.941149892,0.940088325,0.939321402,0.938818769,0.938477281,0.938246148,0.937889039,0.937345115,0.936655388,0.939713596,0.942655442,0.944732229,0.94441295
GIN,0.924250026,0.918979295,0.915075405,0.913002443,0.91227733,0.914838355,0.913331125,0.913910718,0.915540666,0.918577574,0.921778716,0.922620868,0.925192811,0.92662065,0.929114998,0.932285105,0.933484992,0.935067773,0.938758133,0.940106873,0.942893959,0.945653606,0.949194166,0.952421294,0.954889457,0.957234946,0.961992481,0.963135011
GMB,0.649117496,0.644035565,0.64139867,0.641017568,0.646169427,0.651488042,0.656950336,0.662461632,0.667978051,0.673390676,0.678681946,0.684036866,0.689310932,0.694518295,0.699750135,0.705038098,0.710309586,0.715614049,0.720885982,0.72610287,0.731210144,0.736231375,0.741083404,0.744238091,0.74666629,0.751594096,0.75417459,0.756222493
GNB,0.788744497,0.789257383,0.789218975,0.790014539,0.792161053,0.795838167,0.797073106,0.798801275,0.792867935,0.794830689,0.797844813,0.800462328,0.802630508,0.805392215,0.808915367,0.812950451,0.815919737,0.81930803,0.822732312,0.826051931,0.829406388,0.832008336,0.832349004,0.833501971,0.835126526,0.83734529,0.838544358,0.839991312
GNQ,0.670701796,0.669832813,0.677448448,0.678555757,0.68270094,0.689193854,0.713680998,0.758215551,0.77318932,0.787126352,0.796470833,0.826438907,0.839775491,0.848483381,0.867193591,0.874445329,0.884202773,0.897829651,0.910666432,0.910400199,0.901582821,0.90820054,0.91637942,0.913715589,0.911789697,0.903644565,0.896355502,0.900728181
GRC,0.537287838,0.514384779,0.533126453,0.537269154,0.543703907,0.553376675,0.572721145,0.57820285,0.600276927,0.617713256,0.617147568,0.612370847,0.624338976,0.633652701,0.652347521,0.658059393,0.662670423,0.663714922,0.66459201,0.682096798,0.694121284,0.702134728,0.715310426,0.717284974,0.729486207,0.744828231,0.749643231,0.751023377
GTM,0.445742097,0.447868337,0.451091293,0.453292792,0.456263457,0.461176008,0.462502321,0.466639533,0.47222644,0.47630045,0.479649262,0.481729109,0.485351246,0.487194142,0.490565579,0.509072415,0.529646571,0.519270238,0.50869071,0.49796695,0.487471631,0.477109252,0.524761135,0.486645251,0.484058039,0.457137855,0.47820205,0.478073648
GUM,0.709981685,0.709000562,0.70862574,0.708448988,0.708994139,0.709300874,0.70922847,0.709135441,0.709193992,0.708409371,0.70803137,0.706800914,0.705782604,0.704461639,0.70337819,0.702435797,0.701605118,0.701038208,0.700112779,0.698499675,0.697508696,0.696858211,0.696078201,0.695251583,0.694283358,0.693300694,0.692096792,0.690651376
GUY,0.450815332,0.460515634,0.470689744,0.479965825,0.475409826,0.470821089,0.465763945,0.460688791,0.45562799,0.450577766,0.445542661,0.44109209,0.43658709,0.433463243,0.436897408,0.436977585,0.447572676,0.461253503,0.469924556,0.479089496,0.487657491,0.500847514,0.512133159,0.522922784,0.531414165,0.538285491,0.543461655,0.545854366
HKG,0.597346392,0.610416103,0.599295635,0.594558524,0.6055757,0.617850012,0.626126454,0.633907538,0.64609254,0.659936842,0.674066116,0.690369315,0.713315847,0.713866691,0.719880488,0.728133737,0.7365999,0.747033212,0.756856527,0.762987793,0.754858062,0.770304261,0.77782,0.785157043,0.791389892,0.795896909,0.793248751,0.793819918
HND,0.48388435,0.486651384,0.493088471,0.500777275,0.497831695,0.503283775,0.508090672,0.51563166,0.520616332,0.518562636,0.50511872,0.492905901,0.478642934,0.464737569,0.451149048,0.437911309,0.484791481,0.489135202,0.493790942,0.498790781,0.524582035,0.506732212,0.488975049,0.520466637,0.551809397,0.585483101,0.591954345,0.593314192
HRV,0.681643264,0.679295455,0.683351316,0.687474126,0.691487198,0.695324356,0.700457766,0.705636634,0.710863542,0.716029694,0.720999807,0.726029855,0.735871124,0.73340344,0.742992037,0.755992574,0.769756857,0.735937818,0.747451692,0.776034299,0.772135398,0.745315468,0.755664451,0.772332231,0.789160216,0.791357221,0.785353488,0.788428188
HTI,0.735850267,0.743947496,0.752412013,0.76130646,0.770666056,0.780448636,0.789274039,0.798435702,0.807949228,0.817717413,0.827649101,0.831194609,0.834589745,0.837937361,0.841272607,0.84460169,0.848068142,0.852831619,0.853467261,0.858062537,0.849366281,0.857574604,0.862281162,0.869204095,0.87378857,0.875585535,0.877123449,0.878761967
HUN,0.746941806,0.743694664,0.742993742,0.736291412,0.723416105,0.6839402,0.688157279,0.679542368,0.70360717,0.708615813,0.709659602,0.708178068,0.715782486,0.724361505,0.726984655,0.735174218,0.732865121,0.728327348,0.731499568,0.735632404,0.752751251,0.749871885,0.755867098,0.746364439,0.746696552,0.745550608,0.742813797,0.746102967
IDN,0.540758404,0.565740632,0.590922964,0.591202321,0.591600626,0.592104947,0.592535272,0.593088461,0.59604095,0.600227145,0.597234374,0.594505432,0.591967765,0.589686989,0.587673494,0.585877188,0.592578613,0.599910006,0.60801106,0.606096909,0.617857339,0.61239169,0.606924861,0.60143901,0.60259412,0.590928317,0.619396241,0.62022932
IND,0.415467437,0.416690386,0.418414646,0.420795966,0.42412083,0.421913153,0.419763413,0.417635923,0.415512539,0.413362604,0.411198307,0.417450097,0.423697476,0.429971536,0.43629549,0.442695345,0.424270336,0.406229815,0.388605507,0.371379919,0.35457516,0.345702146,0.337033597,0.339525003,0.342135803,0.344754764,0.347953945,0.345129829
IRL,0.506513722,0.516802033,0.535360133,0.56174822,0.574612939,0.585157513,0.606160591,0.619897268,0.638886099,0.657617675,0.66693272,0.673237888,0.693419877,0.700022529,0.699643407,0.719477523,0.724444919,0.74001959,0.746688043,0.760655653,0.770195713,0.775178838,0.775070587,0.778854476,0.774230054,0.772642516,0.785439231,0.787700411
IRN,0.120171679,0.122651735,0.125741777,0.1292233,0.133168459,0.13763302,0.142734724,0.153339986,0.164553871,0.176367716,0.188811668,0.201621011,0.215233496,0.229719848,0.245077767,0.261333178,0.252481551,0.244398047,0.220165496,0.231502716,0.227953046,0.21938476,0.211344127,0.203871496,0.196981925,0.215443455,0.238867139,0.236005453
IRQ,0.105294567,0.106312211,0.107834037,0.108553912,0.109338991,0.110354166,0.111387324,0.112714988,0.121984752,0.132058786,0.142987393,0.154848971,0.16768091,0.181527018,0.196408039,0.204665082,0.214227814,0.225004033,0.237046407,0.237005763,0.2382681,0.240439999,0.245346495,0.247275823,0.246214922,0.246526563,0.24983778,0.252613833
ISL,0.836832369,0.831269905,0.84113722,0.863382094,0.871493674,0.867167076,0.853163402,0.848817642,0.855690818,0.877376914,0.88792689,0.868375063,0.876621584,0.877560765,0.878159169,0.878417595,0.874712479,0.873578974,0.873225238,0.889586623,0.892575988,0.895770803,0.909977222,0.908283524,0.89745126,0.90304648,0.888969879,0.890542238
ISR,0.642035386,0.648922281,0.669937601,0.668544179,0.688472967,0.702594556,0.712320934,0.719049978,0.728097688,0.75060995,0.764045781,0.770759507,0.777364536,0.794661972,0.795474807,0.800389679,0.800355153,0.799825413,0.800022832,0.82374773,0.822217399,0.820144378,0.834934498,0.835229903,0.849091648,0.848646201,0.856899555,0.858211042
ITA,0.527982986,0.535623739,0.527277457,0.523981758,0.532052191,0.539715471,0.547716971,0.55247732,0.559869749,0.573020369,0.578899223,0.590907575,0.596839007,0.601416668,0.61945238,0.620993911,0.625467334,0.625453593,0.636846179,0.637409597,0.640977778,0.647985273,0.66365588,0.669422231,0.675919118,0.667676631,0.675005949,0.677579683
JAM,0.761970642,0.77261247,0.780732797,0.795054139,0.802913251,0.790287909,0.771488707,0.749625207,0.724481954,0.720832205,0.717221933,0.717009796,0.717784982,0.720313505,0.720511895,0.724782463,0.729081873,0.731361182,0.73114457,0.727364847,0.727217294,0.729731105,0.730064662,0.731802141,0.733490588,0.734940559,0.737779134,0.739983944
JOR,0.157727714,0.160350923,0.167273325,0.17010302,0.173377706,0.177539832,0.17796184,0.179210698,0.180675657,0.182367575,0.184354454,0.177716776,0.189942735,0.175799826,0.17805264,0.180490841,0.187278843,0.225028193,0.219007474,0.226633517,0.227129555,0.229979149,0.228291323,0.216865587,0.217263267,0.217897247,0.217662356,0.219219171
JPN,0.647799418,0.651488314,0.649233833,0.643815864,0.64386931,0.642629687,0.642313025,0.646894412,0.647178642,0.643397896,0.643098568,0.64755435,0.646184151,0.650325926,0.654462644,0.657706578,0.660375528,0.660420725,0.663136392,0.672220764,0.675685029,0.675984351,0.68054455,0.691946225,0.698868518,0.704536449,0.713369312,0.715788281
KAZ,0.8417109,0.838744941,0.837657543,0.835991596,0.834853355,0.835487485,0.838166461,0.84150911,0.844955535,0.84811185,0.851008286,0.85387088,0.856530098,0.855423447,0.850846968,0.855276634,0.860136585,0.864732487,0.869153599,0.863209803,0.861732993,0.860944259,0.859779193,0.8582287,0.853703633,0.849006455,0.847022469,0.845993571
KEN,0.908310003,0.911726921,0.915726472,0.920890688,0.927004646,0.933500182,0.93874626,0.941882526,0.945454757,0.949215043,0.936610358,0.923080168,0.908773443,0.893799774,0.878288007,0.86248492,0.865515488,0.867548714,0.867247568,0.868697506,0.87307556,0.877643286,0.883370627,0.890516036,0.897829895,0.90509226,0.913039636,0.911945508
KGZ,0.678395298,0.68706275,0.702048955,0.719941942,0.746712503,0.757196431,0.753006467,0.746468053,0.748268545,0.748367068,0.746348678,0.7445574,0.747528024,0.733547432,0.721277868,0.710485499,0.702700304,0.698917896,0.696035111,0.694768526,0.680705285,0.68286579,0.670298229,0.643068206,0.67063366,0.659493908,0.640502244,0.63623402
KHM,0.922268556,0.920397832,0.917092504,0.9135582,0.911912844,0.912750987,0.915669668,0.925111151,0.935944623,0.946368801,0.947916035,0.958074483,0.934177173,0.908120502,0.880151061,0.887392903,0.893785348,0.899879502,0.905802052,0.911053597,0.916444606,0.915627,0.914828593,0.914141511,0.913595878,0.913212963,0.912937164,0.912843451
KOR,0.641250168,0.635278173,0.630293665,0.630495032,0.634969947,0.641796445,0.649856014,0.663066987,0.634819186,0.64740873,0.662586876,0.670812666,0.67172388,0.663336495,0.673991143,0.68132653,0.687949491,0.687539171,0.689813505,0.681745793,0.685966948,0.688178442,0.691006034,0.694730306,0.702284277,0.710100129,0.714047474,0.71376228
KWT,0.481823913,0.489070466,0.497485125,0.503390904,0.509691596,0.518372758,0.525634515,0.532176982,0.53726017,0.54068121,0.542926346,0.545002834,0.547113219,0.550050779,0.556920127,0.562211457,0.570621516,0.576746637,0.579001046,0.57269632,0.569942906,0.574721973,0.577685427,0.576156686,0.573470607,0.571244806,0.566667069,0.563861293
LAO,0.968275466,0.968901094,0.969850587,0.970941254,0.972560368,0.974036524,0.974012208,0.974032566,0.974156195,0.974431132,0.974834154,0.974756467,0.974890243,0.97517758,0.975512618,0.975787359,0.97503508,0.973997135,0.97263798,0.970889356,0.968781846,0.968236003,0.967504323,0.966769471,0.965933437,0.965200051,0.96490743,0.964532113
LBN,0.269883343,0.273327352,0.276476377,0.280212606,0.284372603,0.28817801,0.290917338,0.290215973,0.293232977,0.293785395,0.294499985,0.289364244,0.285172968,0.282369208,0.282872335,0.288117371,0.294655509,0.302058171,0.312006919,0.322152955,0.328836794,0.329937866,0.328992681,0.326054143,0.324139088,0.323564789,0.324340324,0.32592114
LBR,0.87623425,0.870561368,0.849834281,0.833672749,0.825003194,0.821630063,0.829026561,0.872950263,0.888053531,0.900163934,0.921402825,0.918281721,0.918390002,0.891699614,0.893122028,0.894189577,0.895455957,0.897758509,0.898600271,0.899498502,0.903557767,0.909195625,0.916138473,0.925293635,0.929974622,0.93504556,0.93882766,0.939604579
LBY,0.27398966,0.285939513,0.289637781,0.293377498,0.300259784,0.299237825,0.306809345,0.312291588,0.317423459,0.322714679,0.329255126,0.333387137,0.337778909,0.348274477,0.354366157,0.363617102,0.369091748,0.373952889,0.376107109,0.375846246,0.379171235,0.336599262,0.361996082,0.344148394,0.3285375,0.326792807,0.326774783,0.326589986
LCA,0.604810231,0.609965638,0.62036895,0.630834882,0.641234679,0.651402294,0.661772752,0.671795084,0.681696207,0.691508354,0.701422515,0.711429264,0.719153649,0.733386428,0.751654074,0.75864079,0.771914039,0.774415453,0.781255023,0.782492365,0.781710769,0.78590942,0.787772449,0.791040596,0.794433968,0.799601604,0.802437627,0.805491888
LKA,0.573778773,0.532870161,0.496276303,0.491261687,0.501464128,0.484587394,0.47177316,0.463082361,0.536337743,0.483695362,0.484518563,0.483979622,0.483474991,0.482986737,0.482436488,0.481800277,0.480762985,0.479674451,0.478653096,0.477900313,0.455449547,0.455350209,0.433040606,0.467827158,0.461029409,0.466431561,0.473216439,0.472878386
LSO,0.821536154,0.827232676,0.832685737,0.837220367,0.842675815,0.847993196,0.850955427,0.853740326,0.856125365,0.858656195,0.853985114,0.848704816,0.843386282,0.838101993,0.832903357,0.827820018,0.8227396,0.817840111,0.813097743,0.808517982,0.803994878,0.799307543,0.794594624,0.789824457,0.794774961,0.798211663,0.799595387,0.796754592
LTU,0.759653673,0.758374475,0.757450473,0.756263081,0.756081832,0.756076632,0.757779611,0.761034138,0.764539028,0.805867856,0.824537596,0.81298373,0.799343438,0.82604831,0.803613591,0.804880014,0.816900494,0.808091211,0.809842049,0.836407176,0.842961454,0.834713822,0.842304476,0.827007849,0.829122069,0.839259683,0.84388078,0.844756693
LUX,0.499297604,0.522253585,0.55907685,0.54168497,0.560400737,0.533289994,0.550385933,0.572106136,0.576557291,0.610403969,0.627304125,0.63217574,0.642964423,0.660418417,0.689422005,0.701585083,0.727425595,0.737981136,0.741078579,0.738133404,0.746971025,0.766490873,0.782060306,0.779801969,0.786613412,0.821784686,0.820274487,0.823302431
LVA,0.750368618,0.749453749,0.748288636,0.745559661,0.744547249,0.743491128,0.744291343,0.771457756,0.757818455,0.740096723,0.752989188,0.774279248,0.772520222,0.779801924,0.768604753,0.768545059,0.769782896,0.765419748,0.787120179,0.810015553,0.824882822,0.808716063,0.81294794,0.814045506,0.802028823,0.803007192,0.820092879,0.820927267
MAC,0.618647408,0.620278425,0.641555794,0.648732973,0.669294491,0.663786939,0.683382842,0.689667222,0.696864332,0.7156727,0.735107353,0.750167651,0.772988491,0.75751906,0.769802838,0.790128599,0.796545923,0.828344323,0.834693535,0.856265474,0.849199639,0.860480503,0.851287784,0.866203568,0.85860535,0.863180955,0.870278296,0.868974079
MAR,0.304585925,0.306072877,0.305142749,0.304903508,0.308260626,0.307971993,0.312480036,0.313887889,0.318369335,0.32098037,0.323552797,0.327535245,0.321281398,0.339940763,0.348151827,0.349303867,0.346726366,0.343179906,0.340423861,0.339437657,0.338566761,0.338228872,0.33101939,0.334220431,0.334962056,0.336615941,0.336850767,0.33670072
MDA,0.89189142,0.895311244,0.902887181,0.904312299,0.938519795,0.940081197,0.948253628,0.946693658,0.956190153,0.961422735,0.958968661,0.951216256,0.941684043,0.933741353,0.924977398,0.911455333,0.896986551,0.881674997,0.865541793,0.848694852,0.855945046,0.855448802,0.868466756,0.860248421,0.856461634,0.872942302,0.870308263,0.861398025
MDG,0.945745736,0.944936438,0.945090736,0.945425715,0.945482357,0.945568256,0.944999334,0.944606659,0.94424678,0.944079234,0.944088727,0.943926923,0.942276924,0.9429832,0.94348801,0.944059951,0.947820134,0.950960989,0.95351363,0.95552931,0.957077668,0.958265332,0.959791089,0.951416421,0.94221331,0.931901314,0.933707999,0.935064649
MDV,0.262448548,0.283473657,0.30605241,0.330243941,0.356186677,0.383859022,0.410540881,0.438288685,0.467039104,0.49677406,0.527399947,0.557780797,0.586910771,0.614605384,0.640977371,0.666234782,0.693807651,0.681419246,0.667749481,0.652994465,0.637506049,0.622989107,0.607725483,0.591840034,0.575656223,0.543557754,0.518785581,0.522075831
MEX,0.396518022,0.403433431,0.411702908,0.42081356,0.430553249,0.453492278,0.451561293,0.472005348,0.469241979,0.463036184,0.470915226,0.465246624,0.476792466,0.474428438,0.499079248,0.50727394,0.519893824,0.526313852,0.52761679,0.539222524,0.538833071,0.54482489,0.55621289,0.559285649,0.548207271,0.553534032,0.555936323,0.558632134
MKD,0.638141478,0.637667858,0.637388008,0.637443901,0.636305566,0.635046397,0.634579456,0.628781711,0.623101748,0.617502018,0.625458487,0.633852932,0.642440288,0.655775125,0.637940417,0.659104457,0.631605964,0.647729856,0.629561736,0.619785153,0.62343736,0.642165504,0.638313017,0.659768343,0.646126883,0.643777072,0.625358089,0.628173285
MLI,0.529111965,0.530727154,0.529258646,0.529691954,0.530758253,0.53170717,0.531841184,0.532472736,0.534287466,0.535681034,0.535411461,0.536931122,0.535733999,0.535990228,0.53461293,0.54708368,0.56031187,0.574299211,0.588952731,0.604112047,0.619681726,0.64774616,0.675897411,0.70369784,0.730697027,0.732107754,0.734321661,0.736103692
MLT,0.377818964,0.381255178,0.388238543,0.39271449,0.395471894,0.39355764,0.398578569,0.403292758,0.407149373,0.41569136,0.423975277,0.408875738,0.440601696,0.433112516,0.409497922,0.438621451,0.443709099,0.475911973,0.497679359,0.506768844,0.513135927,0.53127765,0.567236531,0.59073125,0.609499289,0.622658141,0.633006392,0.635014016
MMR,0.709362849,0.709788762,0.707778023,0.706342382,0.704486715,0.702675651,0.701250086,0.69993582,0.698391742,0.695319366,0.691238609,0.687158032,0.682738113,0.677811284,0.673020767,0.668366183,0.663605799,0.659350277,0.65577163,0.652632459,0.650061985,0.648466813,0.646846468,0.645316397,0.643970996,0.642779104,0.641963269,0.642034255
MNG,0.808247661,0.807357515,0.807326066,0.808285535,0.809648177,0.811498064,0.813069836,0.814969493,0.817,0.818932855,0.820294538,0.821347104,0.822305045,0.823486361,0.82559155,0.826975544,0.829433363,0.832898944,0.836145325,0.82892581,0.816579303,0.811749623,0.824819418,0.811301983,0.807779246,0.799794645,0.795919263,0.796300181
MOZ,1.058627944,1.06548025,1.068778093,1.072780494,1.075532489,1.077463632,1.080605478,1.082179744,1.072088765,1.065062176,1.060319281,1.056891177,1.054562728,1.053008024,1.051414271,1.05070431,1.050849117,1.052517724,1.056066668,1.061971624,1.070740942,1.082963637,1.099295129,1.101492857,1.104379565,1.107706528,1.110102078,1.10645763
MRT,0.398054277,0.397860749,0.398061747,0.399501546,0.398995332,0.401654249,0.403963994,0.403950649,0.405782056,0.409039135,0.410524467,0.412583182,0.41476624,0.41720261,0.419756172,0.422482712,0.425721787,0.428690958,0.431752683,0.434941107,0.438467543,0.442288704,0.446324895,0.449899438,0.453084295,0.455307901,0.456642639,0.45774098
MUS,0.467241252,0.472076561,0.475208378,0.476880743,0.478575728,0.481585539,0.486765619,0.492227279,0.497913272,0.5036664,0.509353656,0.513812166,0.513655925,0.512996177,0.512016452,0.535514317,0.543054977,0.535333994,0.552354553,0.559048153,0.578360436,0.578043074,0.583949743,0.598198409,0.612629847,0.627167017,0.617267465,0.620553607
MWI,0.97235245,0.971099381,0.968411575,0.969678028,0.966815717,0.967615303,0.967731602,0.96685662,0.965894097,0.960556166,0.955180691,0.949707206,0.944149028,0.938448823,0.932534771,0.926426486,0.920007979,0.913511298,0.907005992,0.900493557,0.894049438,0.887707761,0.881546006,0.875569363,0.879528175,0.882613399,0.886401545,0.883624894
MYS,0.576568236,0.575569864,0.574790366,0.574117403,0.573564267,0.573108882,0.572851221,0.572569045,0.571275647,0.570796488,0.570590689,0.569803901,0.569306174,0.568802722,0.568468439,0.568048323,0.568099082,0.568814247,0.56431973,0.572493516,0.570732501,0.587093408,0.599632576,0.631502336,0.64665061,0.650385207,0.655915377,0.656711378
NAM,0.74804477,0.754564916,0.761509454,0.765291751,0.770290416,0.769091674,0.76767581,0.765695875,0.762897693,0.760522098,0.758505226,0.768001678,0.77763846,0.787420838,0.797370253,0.807492124,0.81695549,0.826513254,0.836116777,0.845683053,0.855132436,0.863831841,0.872197472,0.880236047,0.888000615,0.894110224,0.89515671,0.897361533
NCL,0.848570936,0.848734809,0.848744324,0.848390691,0.849601661,0.850283068,0.850258829,0.850407927,0.851549593,0.851073646,0.852259746,0.85338829,0.855134388,0.855856246,0.856810418,0.857697395,0.857990822,0.858457059,0.857287882,0.853901182,0.852199743,0.851519617,0.85052066,0.849201475,0.84807836,0.847252571,0.846179866,0.84493542
NER,0.75378372,0.753037377,0.7517903,0.752515035,0.753920682,0.75522186,0.754894184,0.754080899,0.75400478,0.752068117,0.750033141,0.749325719,0.748311003,0.747736303,0.746376668,0.745749619,0.745126275,0.744243296,0.744362034,0.743063829,0.743289657,0.742555179,0.743379817,0.74338955,0.743777053,0.743830308,0.744401694,0.744391038
NGA,0.727833227,0.727377168,0.728624076,0.731593635,0.734742956,0.737813058,0.740464705,0.742867956,0.745659135,0.747423263,0.751340382,0.751208901,0.751077344,0.75428971,0.768005414,0.773804073,0.780145629,0.78709351,0.794586877,0.802591393,0.811001044,0.819856375,0.829076167,0.838585801,0.840919315,0.842270759,0.839914564,0.843288049
NIC,0.42973796,0.426111005,0.416587697,0.407561504,0.400743322,0.396008441,0.397008661,0.406905078,0.417050161,0.43154771,0.445856278,0.462561282,0.48001321,0.498230707,0.517197331,0.536896309,0.557190171,0.559437001,0.561881457,0.56452491,0.567375984,0.570447721,0.573710334,0.577151724,0.580671201,0.5884794,0.595883008,0.599325884
NLD,0.610693437,0.621587157,0.646191778,0.653464031,0.667285948,0.676340652,0.690699708,0.699178876,0.704632528,0.725969343,0.731194594,0.741852015,0.745740355,0.763485621,0.771415199,0.783108219,0.789328357,0.801283697,0.808392459,0.816456173,0.816727437,0.825958979,0.828914829,0.82886592,0.82151331,0.830486694,0.834303971,0.837743687
NOR,0.785793597,0.800327722,0.797091978,0.80465142,0.806822488,0.825550242,0.827913784,0.828612195,0.839627299,0.844626132,0.840926285,0.848887434,0.866397239,0.861386411,0.868441201,0.86366616,0.866091389,0.876463298,0.882317637,0.890395966,0.887086383,0.896230992,0.892634025,0.899669791,0.901170673,0.896298238,0.89760861,0.899936389
NPL,0.887813876,0.889959176,0.89245365,0.895028255,0.89748787,0.899718049,0.899454512,0.89939146,0.89972322,0.90065657,0.900868042,0.900177573,0.899740578,0.899625661,0.899908041,0.900579276,0.901477867,0.902293046,0.903043146,0.908478386,0.914391013,0.922716859,0.931344324,0.939821368,0.947603985,0.954603964,0.962575276,0.963543552
NZL,0.719168288,0.727610682,0.730895054,0.730182881,0.740796227,0.746000165,0.760856643,0.761659961,0.768167038,0.773321869,0.774122581,0.783364386,0.785524905,0.798045129,0.796733849,0.804199215,0.805683206,0.811228557,0.820654749,0.826518221,0.825873745,0.830690251,0.838640744,0.844236312,0.847617526,0.847642791,0.852302735,0.85300014
OMN,0.248505397,0.25219785,0.255315735,0.257052306,0.258206194,0.260457856,0.268059051,0.278761195,0.288812493,0.296905033,0.30564612,0.310427444,0.313313066,0.315940533,0.320565323,0.325828627,0.338838045,0.34790872,0.354494763,0.356395585,0.355130839,0.353801688,0.354916791,0.35292523,0.349899189,0.348216757,0.347016473,0.345585132
PAK,0.166060363,0.164049719,0.163954254,0.170927406,0.174764619,0.150293252,0.163301048,0.177770055,0.182480697,0.185587263,0.191778037,0.19104932,0.193156709,0.203293486,0.213992257,0.230132292,0.247258068,0.251636664,0.259249894,0.274328498,0.271539379,0.277026077,0.278617221,0.280419483,0.286516582,0.294735139,0.298837521,0.301418407
PAN,0.485694704,0.497167664,0.497147425,0.498201839,0.511510994,0.523499591,0.531245765,0.539070889,0.541654319,0.544272419,0.554240523,0.564125439,0.573843215,0.58081583,0.578985492,0.591221234,0.577675637,0.587077129,0.586551663,0.59890021,0.594293385,0.574592205,0.591994937,0.617539526,0.624970795,0.637433888,0.650247636,0.650366457
PER,0.582905383,0.587375113,0.591464479,0.596711403,0.602935863,0.641661955,0.669414753,0.697918773,0.692071522,0.720508988,0.683170165,0.739092559,0.752077735,0.764729253,0.776998792,0.788846612,0.800632938,0.812033491,0.815849219,0.816227548,0.834954092,0.828545894,0.827069064,0.826708809,0.820613435,0.808166344,0.813838599,0.816911598
PHL,0.599415578,0.60138067,0.600638754,0.603418077,0.602787255,0.603402634,0.603241384,0.6036722,0.604289163,0.606057856,0.605172226,0.607503538,0.60804898,0.607618478,0.60754585,0.622591249,0.63015601,0.633033399,0.622869143,0.632971962,0.638324457,0.643033083,0.642122513,0.645162596,0.650730204,0.655595191,0.657154259,0.659909226
PNG,0.95779174,0.959464956,0.962195539,0.966285688,0.967298825,0.965428915,0.966926867,0.964851912,0.962882707,0.962460445,0.960769649,0.959789803,0.958740937,0.958236457,0.957859761,0.958443262,0.958064109,0.959024241,0.959921139,0.960815588,0.962310428,0.965111136,0.967269313,0.968615442,0.971230152,0.973194273,0.97339254,0.973951331
POL,0.766039107,0.765343183,0.767292287,0.767591939,0.773531414,0.767790926,0.767535111,0.758357955,0.762884009,0.768437533,0.780090662,0.782884531,0.775244673,0.773592124,0.762816695,0.758190654,0.748749422,0.745341303,0.741766212,0.743357824,0.751151491,0.750151208,0.753344622,0.751888268,0.75369072,0.752834852,0.749174732,0.749266607
PRI,0.505616686,0.501579124,0.51823823,0.54579462,0.547661565,0.550168327,0.548362515,0.557471985,0.55549341,0.600304049,0.584447432,0.598209449,0.612277691,0.616876085,0.610026549,0.624150062,0.649399945,0.647571565,0.645882295,0.646008029,0.646417281,0.646542822,0.646926899,0.647563989,0.64843285,0.649405161,0.649621937,0.650544784
PRK,0.887235824,0.883397713,0.879075996,0.874387718,0.870852445,0.867601059,0.865200083,0.863368583,0.862271735,0.860657799,0.859765276,0.859341304,0.859312231,0.858907028,0.85884034,0.858946209,0.859337914,0.86012943,0.86011938,0.858801812,0.858424877,0.858423442,0.858032266,0.857380862,0.856860443,0.856557998,0.856201348,0.855930221
PRT,0.663397151,0.688084158,0.688244698,0.704903462,0.714815539,0.718055255,0.728535315,0.741096243,0.739184431,0.747808551,0.756464288,0.761986303,0.764010725,0.782492927,0.780183285,0.798301873,0.800844518,0.80983577,0.811515871,0.824461336,0.834551967,0.817339614,0.827446251,0.833494969,0.834931898,0.838130991,0.834267633,0.836017492
PRY,0.605710836,0.609160449,0.612048847,0.616521465,0.621198493,0.623209439,0.625291201,0.627403697,0.629529392,0.631631352,0.633736941,0.635863834,0.638008029,0.640150068,0.642304533,0.644502252,0.646767852,0.649174798,0.644347962,0.658043987,0.643356258,0.669966654,0.716874376,0.703387923,0.676549176,0.674941197,0.670016304,0.674386408
PYF,0.68272691,0.68247275,0.682459929,0.681745494,0.684444791,0.685572038,0.685590126,0.687523941,0.688592754,0.689837518,0.692013164,0.695839986,0.700367144,0.706509224,0.712453624,0.718260567,0.724609973,0.730743116,0.739465764,0.747726566,0.755604328,0.764314747,0.77284608,0.77298587,0.77332949,0.77415052,0.774012424,0.776363677
QAT,0.424870091,0.429650531,0.436705111,0.435483174,0.433494919,0.431184544,0.427308772,0.436309787,0.439681768,0.439755979,0.441405835,0.455304198,0.467539764,0.472980844,0.48145208,0.480045975,0.508882893,0.524483209,0.52014498,0.515321624,0.533830949,0.556359196,0.575229511,0.592480641,0.60742999,0.620038042,0.616145432,0.614144355
RUS,0.782412994,0.780722394,0.774371796,0.768508674,0.764248616,0.76396926,0.7674684,0.774392092,0.778493762,0.794384605,0.796117037,0.795707469,0.809906262,0.81158055,0.8147473,0.818262984,0.821976261,0.817285508,0.803920124,0.807017046,0.798663104,0.800269889,0.798958492,0.794303321,0.792843917,0.788970284,0.78894539,0.788813976
RWA,0.936650017,0.939464765,0.946320544,0.954230104,0.955352895,0.967804688,0.969866395,0.968756011,0.96457451,0.960682437,0.959412232,0.962150902,0.967423203,0.972487795,0.977903585,0.981380142,0.983633221,0.983761313,0.983265248,0.982392591,0.982822215,0.983659693,0.985746923,0.987878386,0.990609504,0.993265454,0.996133682,0.997183567
SAU,0.178455251,0.179014297,0.178332204,0.183075458,0.187701933,0.192240569,0.199153484,0.206666403,0.214732432,0.222973522,0.21283266,0.211387425,0.213365053,0.22162301,0.230056593,0.238742206,0.248261781,0.24189127,0.237495081,0.232621347,0.244929222,0.259681123,0.264185264,0.258837492,0.262765394,0.27893727,0.279871929,0.27994868
SDN,0.306097684,0.317272799,0.32891418,0.340987888,0.353466287,0.366293404,0.379825732,0.373864064,0.36803414,0.362321756,0.356731887,0.351219972,0.345841036,0.340616306,0.335598796,0.330761118,0.325993629,0.321580404,0.317504466,0.313735178,0.315568818,0.319278432,0.324245543,0.327846776,0.331460442,0.33573042,0.339425538,0.338083793
SEN,0.446225641,0.447373372,0.448359309,0.449720175,0.451468759,0.455513436,0.45681358,0.459448325,0.463657254,0.468397105,0.472381592,0.475735402,0.478126897,0.482278907,0.486223729,0.489972893,0.491309545,0.520107327,0.549473239,0.579294188,0.609525582,0.639614552,0.640309745,0.640778231,0.641870225,0.644327082,0.646869292,0.651707098
SGP,0.604918807,0.609473691,0.615400203,0.62546628,0.633387602,0.640139161,0.645784929,0.650906987,0.642549098,0.653050318,0.659626767,0.667262509,0.659073233,0.673251792,0.683394095,0.686664929,0.690696706,0.695113596,0.730160741,0.72185855,0.739096654,0.749265153,0.757668531,0.763079811,0.774922425,0.786438679,0.787369192,0.787932079
SLB,0.784986652,0.784620607,0.783201061,0.783002224,0.781932786,0.780894495,0.780677933,0.780841238,0.780448228,0.780381214,0.782875676,0.784173136,0.784619905,0.783556651,0.783003079,0.782537361,0.781085618,0.779805114,0.778867018,0.779797931,0.779325153,0.778287918,0.778152557,0.778159847,0.778197144,0.778031972,0.777798503,0.777537146
SLE,0.968428445,0.969785779,0.960260121,0.964792335,0.968924535,0.969817431,0.972378354,0.972417576,0.977011999,0.978488476,0.98192687,0.97519839,0.985351133,0.988110132,0.981860032,0.981404477,0.980616939,0.979798272,0.97897681,0.97824417,0.977651384,0.976877729,0.976328199,0.976061296,0.976139837,0.966306953,0.974008545,0.973459189
SLV,0.473513524,0.480232684,0.491426034,0.516490939,0.534333651,0.517557674,0.50992221,0.515996493,0.555867754,0.566511618,0.568970482,0.571553272,0.574584266,0.582577505,0.56827724,0.575762927,0.58343645,0.581674282,0.584850452,0.587471676,0.586878153,0.589548185,0.592308312,0.610692384,0.605449379,0.600257188,0.594933947,0.596388752
SOM,0.273710192,0.26976262,0.266945053,0.264644386,0.262569993,0.258845739,0.253749416,0.248799608,0.244116008,0.239778795,0.237036065,0.232899927,0.230919012,0.230138583,0.229994613,0.229958291,0.23010205,0.23030382,0.230585438,0.231480494,0.234038029,0.235503375,0.238365309,0.242008097,0.245602941,0.248720858,0.250538722,0.250764008
STP,0.473359403,0.475247635,0.480300583,0.487027039,0.492892673,0.496529944,0.500681821,0.502125251,0.502652696,0.504088247,0.506772362,0.509483211,0.514158014,0.52049863,0.524900234,0.527891969,0.530240326,0.530162875,0.530460553,0.529691094,0.530336341,0.532628037,0.534629959,0.537235993,0.540567244,0.543966697,0.547657862,0.547955715
SUR,0.519038048,0.51856024,0.512812691,0.497499952,0.496565608,0.494798607,0.506705162,0.520677729,0.536487807,0.553825542,0.557361582,0.5629963,0.568474388,0.575949549,0.587149011,0.59310468,0.599581742,0.607613079,0.614590025,0.620214883,0.628050354,0.635686484,0.640652318,0.645146435,0.648284462,0.648751975,0.636109137,0.639818576
SVK,0.816763457,0.816970605,0.805487196,0.789457138,0.742834477,0.747319031,0.760641631,0.760142023,0.753153611,0.763460703,0.771005353,0.769213999,0.770364142,0.76739231,0.765792728,0.747488434,0.742479959,0.745297747,0.746355573,0.738238849,0.748935121,0.739154094,0.743939517,0.751375581,0.750921803,0.76700006,0.774046982,0.774785842
SVN,0.788971254,0.790404739,0.791882488,0.793472972,0.795260806,0.796534645,0.796910948,0.813378535,0.804352713,0.798550509,0.801517132,0.789048099,0.798303703,0.797044955,0.805589411,0.800951709,0.81099438,0.805830501,0.817387819,0.816405565,0.812041008,0.818709263,0.826874468,0.818991112,0.82832504,0.827894528,0.847983993,0.849504961
SWE,0.875781978,0.871640984,0.872973267,0.869706968,0.862546962,0.862479227,0.87094543,0.866910905,0.859580113,0.873846835,0.876921883,0.874687738,0.880604139,0.883159837,0.879398945,0.87629433,0.877560129,0.881490139,0.880580333,0.881433749,0.873883446,0.882185262,0.887631255,0.889901454,0.89294861,0.900692388,0.900663603,0.90206825
SWZ,0.506867554,0.504328895,0.503406857,0.503814749,0.505350251,0.508660883,0.513680374,0.519246127,0.525719121,0.533594006,0.542535003,0.548259363,0.554437682,0.560814335,0.566079466,0.570865617,0.579607691,0.58756102,0.595127365,0.601712959,0.607601215,0.612609452,0.618086716,0.623659614,0.628051744,0.63150786,0.63325562,0.634597366
SYR,0.261905044,0.266658002,0.272980602,0.276947073,0.279994649,0.282911734,0.253532735,0.227131157,0.203432245,0.224373386,0.250296209,0.247453156,0.245448573,0.244783664,0.228176791,0.213125535,0.199291801,0.190956066,0.199379354,0.179401121,0.181869406,0.17926265,0.177097529,0.174814824,0.172548089,0.17030851,0.171942947,0.169201818
TCD,0.812772346,0.811641445,0.811087983,0.805363526,0.806189901,0.805312611,0.802881396,0.801984387,0.801901997,0.80052096,0.799286037,0.799261634,0.799281579,0.801188315,0.807383104,0.811499182,0.81065402,0.811397491,0.812894384,0.815228222,0.820051053,0.82065339,0.823927069,0.82698363,0.83081809,0.833875797,0.833595113,0.834929564
TGO,0.961558195,0.960924179,0.960480155,0.957739115,0.963058622,0.966935626,0.973044569,0.980534041,0.983671933,0.988138795,0.991694375,0.992244827,0.993029944,0.995381649,0.996740768,0.997533558,0.997413051,0.988270284,0.978905677,0.969299763,0.959477324,0.949258625,0.950141288,0.951215832,0.953346456,0.955950294,0.958724539,0.955537073
THA,0.79349813,0.790701745,0.788171662,0.785879359,0.783817694,0.798819102,0.813560772,0.819128733,0.806039019,0.804116856,0.808777328,0.799169255,0.801303756,0.803636065,0.799730909,0.806353019,0.79664316,0.801053034,0.801940677,0.795872958,0.797749935,0.814551321,0.805756395,0.787377089,0.787390974,0.783927655,0.783017268,0.78270949
TJK,0.648996414,0.650969988,0.65300083,0.655197087,0.65771883,0.660658788,0.663770614,0.667264355,0.670987132,0.67474142,0.678348928,0.680308304,0.681880498,0.683031771,0.686196872,0.681669615,0.67644745,0.670426207,0.664322397,0.661788125,0.656627914,0.650333178,0.643859188,0.637559823,0.632141511,0.627716955,0.623204881,0.62049956
TKM,0.666266073,0.669086713,0.673485442,0.676123657,0.680268942,0.68307186,0.684939131,0.687766152,0.689275589,0.690217158,0.691700119,0.69324849,0.695048346,0.696581962,0.697667944,0.697984248,0.697883148,0.697272141,0.696179281,0.695057536,0.693692532,0.692076643,0.69029962,0.688352248,0.6863524,0.68467156,0.683345894,0.682183052
TON,0.475846797,0.505623607,0.536755629,0.56923362,0.602874354,0.603306557,0.603052545,0.602810467,0.603073088,0.603484166,0.603885592,0.603701287,0.603905182,0.604285862,0.604346237,0.605098912,0.604777281,0.603715533,0.603967091,0.604307302,0.605268766,0.606436208,0.607028154,0.606508979,0.606991174,0.607697803,0.608576099,0.6088135
TTO,0.505821427,0.660502822,0.614719023,0.585859794,0.586679986,0.590442535,0.620947238,0.617293234,0.613961673,0.614532222,0.609050281,0.620445674,0.63217766,0.655831077,0.679071902,0.701920423,0.706161254,0.683133229,0.699748131,0.682155466,0.696855479,0.70366417,0.710259174,0.716733877,0.715753119,0.695738844,0.688634516,0.692486261
TUN,0.297686288,0.298412112,0.301368238,0.302220428,0.303905928,0.308246484,0.313058445,0.317960501,0.32087093,0.32399024,0.327365642,0.330816914,0.334602542,0.338765367,0.343250797,0.348092974,0.354932552,0.361915669,0.363277884,0.353661009,0.351136076,0.347929395,0.35598666,0.353791898,0.351452525,0.348134335,0.344497794,0.343707946
TUR,0.421285855,0.423551104,0.408539197,0.341602797,0.396964326,0.397002456,0.395171868,0.375855789,0.382278963,0.397269595,0.361947633,0.374539388,0.392409043,0.3804168,0.334535242,0.332358805,0.337057138,0.337934464,0.348074647,0.368726493,0.388176525,0.401610854,0.413640973,0.427617644,0.424496813,0.438925079,0.45045107,0.449919373
TZA,0.96307285,0.962958209,0.962993832,0.963458338,0.964308023,0.965832897,0.966212155,0.966963367,0.968057797,0.969353753,0.970473305,0.970436991,0.970178301,0.969625034,0.969258827,0.969166841,0.968406502,0.968756665,0.969112916,0.969645696,0.970438707,0.971499689,0.951400359,0.930613036,0.908739819,0.910011468,0.911266909,0.909382231
UGA,0.808022198,0.806120692,0.809987319,0.81382914,0.817639235,0.821379894,0.82498994,0.828522616,0.831998522,0.835400618,0.838735064,0.841705811,0.84466166,0.847604344,0.850510706,0.853385838,0.856011043,0.858633692,0.861229793,0.863847918,0.866458852,0.869164921,0.871904162,0.874927517,0.878945992,0.883503112,0.887485201,0.888762816
UKR,0.818502582,0.816396054,0.813270839,0.809493033,0.807976023,0.809925809,0.804366519,0.799598864,0.794177399,0.786584331,0.788840009,0.794623623,0.798003968,0.798941102,0.79251643,0.771465394,0.771834214,0.771787884,0.771570843,0.771491812,0.768640611,0.757468227,0.742789212,0.753111016,0.745686095,0.747800404,0.747064437,0.745150008
URY,0.596890491,0.600795228,0.622780679,0.621409488,0.630360612,0.641292914,0.651148767,0.661096536,0.671103906,0.677571985,0.684113002,0.698106547,0.700957204,0.705004636,0.705724859,0.706196227,0.69708561,0.704099695,0.70956022,0.714763738,0.720986576,0.728649006,0.733959562,0.724887271,0.738463816,0.741605772,0.752691655,0.753997027
USA,0.746487134,0.750512259,0.755461012,0.760253091,0.775938279,0.77836174,0.782718837,0.789084689,0.790846657,0.793730552,0.795168886,0.797967324,0.800532828,0.806250556,0.80485511,0.806720611,0.80673975,0.808860663,0.814212329,0.821570349,0.822227316,0.820811151,0.817627304,0.815968004,0.818610233,0.815911383,0.816680807,0.816414754
UZB,0.668887378,0.671299957,0.674490787,0.677171652,0.679942744,0.682444725,0.684788305,0.686921699,0.689082945,0.691226503,0.693406947,0.695386283,0.697304309,0.699047068,0.700226754,0.701057448,0.701470557,0.701425948,0.701115743,0.700545366,0.699727762,0.698673944,0.697324349,0.695857186,0.694397598,0.693052546,0.691922515,0.690914932
VCT,0.545975523,0.552460437,0.565315986,0.575448135,0.578544039,0.592863056,0.599196415,0.608028879,0.61742126,0.62413994,0.628944551,0.636057788,0.647928797,0.660825608,0.669734886,0.676945396,0.689972471,0.697251835,0.704478722,0.706529425,0.707097515,0.70928959,0.713530189,0.718004594,0.721159312,0.723760375,0.727331533,0.730184434
VEN,0.516645441,0.526306002,0.534839281,0.54036795,0.544134513,0.551202547,0.556575407,0.565142891,0.57000295,0.571357972,0.579010469,0.586549375,0.587116303,0.58892467,0.604589609,0.61668302,0.6283121,0.62753257,0.635568911,0.643319386,0.63821468,0.645976873,0.646664023,0.652666169,0.654719646,0.654838786,0.646037472,0.648777771
VIR,0.833027351,0.833573845,0.829883286,0.821338363,0.820906854,0.82156668,0.816629677,0.817912922,0.825322593,0.828371997,0.833863802,0.84151564,0.848330925,0.851015273,0.854495785,0.858936285,0.861214633,0.865761493,0.867899449,0.865577127,0.867279442,0.870078495,0.872257052,0.873985205,0.876404972,0.879996997,0.882698205,0.884889371
VNM,0.887847518,0.888049647,0.888392775,0.888659567,0.888971334,0.889278478,0.889731792,0.890096725,0.890313371,0.890452173,0.890588365,0.89061508,0.890592856,0.890536895,0.890404918,0.890182616,0.890137484,0.89007189,0.889816548,0.889426476,0.888149613,0.887631731,0.887324804,0.887278793,0.88540279,0.874547089,0.876880696,0.877452932
VUT,0.776418245,0.776402193,0.776462687,0.776781684,0.776323801,0.776594004,0.776853222,0.776773899,0.776698914,0.776851297,0.776628659,0.777205217,0.777891556,0.777739855,0.777593838,0.777354721,0.775635714,0.773922865,0.772183768,0.770868832,0.770158484,0.770669212,0.771500817,0.772407524,0.773046538,0.773250014,0.773338532,0.77299796
WLD,0.641867409,0.643766972,0.645080861,0.645103505,0.647497778,0.647889899,0.648919774,0.650221569,0.650638529,0.652326226,0.652966759,0.654229406,0.65593061,0.657292437,0.65848112,0.659967376,0.657942177,0.655413463,0.652642913,0.650774063,0.647476064,0.646366838,0.645324082,0.645855576,0.646313367,0.646702386,0.648911353,0.647473416
WSM,0.590204962,0.587735593,0.586522508,0.587542453,0.584554527,0.586251561,0.587721376,0.585344373,0.584652386,0.584522378,0.588279466,0.592107457,0.594041702,0.596575222,0.599883475,0.60306411,0.603499171,0.609067088,0.608894933,0.602122348,0.60193673,0.60741839,0.606798661,0.603366251,0.60352411,0.604117724,0.610569511,0.610856705
YEM,0.228304821,0.227325629,0.22755475,0.227919337,0.229549277,0.24314518,0.257303589,0.272095415,0.287648193,0.303840873,0.2853441,0.26771721,0.250950238,0.23503036,0.219920489,0.205664419,0.192253552,0.179671277,0.167838653,0.156655355,0.146067419,0.12926601,0.114448377,0.101411264,0.090000004,0.089169659,0.088741568,0.0861398
ZAF,0.627759234,0.635469456,0.643237674,0.652864851,0.663898708,0.67552832,0.685509142,0.694989464,0.70375872,0.713578734,0.724345493,0.732108272,0.740591529,0.748797904,0.746211172,0.743624202,0.741310842,0.738826886,0.747426656,0.744463925,0.73988489,0.755326816,0.75279277,0.76719262,0.768493939,0.772204426,0.770310776,0.77155527
ZMB,0.860183616,0.859803,0.859755505,0.861461774,0.860723351,0.861790037,0.862319358,0.862517791,0.862053211,0.862463342,0.862860457,0.861314231,0.860098178,0.859555653,0.859271981,0.859249382,0.859945227,0.860728799,0.861688381,0.86282304,0.864161433,0.865568888,0.867229859,0.870131146,0.873288239,0.876436205,0.879292844,0.880369581
ZWE,0.824965317,0.827294079,0.827278395,0.829590709,0.833832863,0.837015645,0.840975066,0.844058629,0.829639149,0.815786152,0.829674108,0.841937695,0.853288274,0.86402327,0.874332226,0.874356263,0.874244914,0.874246774,0.874371688,0.874684508,0.875113114,0.875653934,0.877198735,0.877804287,0.87844155,0.878801146,0.87955331,0.881365456
BMU,0.08,0.08,0.08,0.08,0.08,0.08,0.08,0.08,0.08,0.08,0.08,0.08,0.08,0.08,0.08,0.08,0.08,0.08,0.08,0.08,0.08,0.08,0.08,0.08,0.08,0.08,0.08,0.08
CYM,1.13,1.13,1.13,1.13,1.13,1.13,1.13,1.13,1.13,1.13,1.13,1.13,1.13,1.13,1.13,1.13,1.13,1.13,1.13,1.13,1.13,1.13,1.13,1.13,1.13,1.13,1.13,1.13