,Country Code,Country Name,1970_flit,1972_flit,1973_flit,1974_flit,1975_flit,1976_flit,1977_flit,1978_flit,1979_flit,1980_flit,1981_flit,1982_flit,1983_flit,1984_flit,1985_flit,1986_flit,1987_flit,1988_flit,1989_flit,1990_flit,1991_flit,1992_flit,1993_flit,1994_flit,1995_flit,1996_flit,1997_flit,1998_flit,1999_flit,2000_flit,2001_flit,2002_flit,2003_flit,2004_flit,2005_flit,2006_flit,2007_flit,2008_flit,2009_flit,2010_flit,2011_flit,2012_flit,2013_flit,2014_flit,2015_flit,2016_flit,1970_mlit,1971_mlit,1972_mlit,1973_mlit,1974_mlit,1975_mlit,1976_mlit,1977_mlit,1978_mlit,1979_mlit,1980_mlit,1981_mlit,1982_mlit,1983_mlit,1984_mlit,1985_mlit,1986_mlit,1987_mlit,1988_mlit,1989_mlit,1990_mlit,1991_mlit,1992_mlit,1993_mlit,1994_mlit,1995_mlit,1996_mlit,1997_mlit,1998_mlit,1999_mlit,2000_mlit,2001_mlit,2002_mlit,2003_mlit,2004_mlit,2005_mlit,2006_mlit,2007_mlit,2008_mlit,2009_mlit,2010_mlit,2011_mlit,2012_mlit,2013_mlit,2014_mlit,2015_mlit,2016_mlit
0,ABW,Aruba,,,,,,,,,,,,,,,,,,,,,,,,,,,,,,97.07135773,,,,,,,,,,96.71977997,,,,,,,,,,,,,,,,,,,,,,,,,,,,,,,,,,,,,97.53739929,,,,,,,,,,96.94052887,,,,,,
1,AFG,Afghanistan,,,,,,,,,4.987460136,,,,,,,,,,,,,,,,,,,,,,,,,,,,,,,,17.61206055,,,,,,,,,,,,,,,30.3077507,,,,,,,,,,,,,,,,,,,,,,,,,,,,,,,,45.417099,,,,,
2,AGO,Angola,,,,,,,,,,,,,,,,,,,,,,,,,,,,,,,54.19448853,,,,,,,,,,,,,53.4072113,,,,,,,,,,,,,,,,,,,,,,,,,,,,,,,,,,82.91986847,,,,,,,,,,,,,79.97415161,,
3,ALB,Albania,,,,,,,,,,,,,,,,,,,,,,,,,,,,,,,98.25227356,,,,,,,94.68180847,,,95.69148254,96.13607025,,,,,,,,,,,,,,,,,,,,,,,,,,,,,,,,,,,,99.18760681,,,,,,,97.30619812,,,98.00816345,98.35260773,,,,
4,AND,Andorra,,,,,,,,,,,,,,,,,,,,,,,,,,,,,,,,,,,,,,,,,,,,,100.0,100.0,,,,,,,,,,,,,,,,,,,,,,,,,,,,,,,,,,,,,,,,,,,,,,100.0,100.0
5,ARB,Arab World,,,,,,,,31.01895,31.57827,32.19625,32.85947,33.67137,34.134570000000004,35.12616,36.00738,37.03605,37.81384,38.87402,39.903220000000005,40.99125,42.164320000000004,43.30986,43.58525,44.71131,45.78087,47.67156,48.52052,49.938,51.27002,52.76005,53.85793,55.267759999999996,57.63776,58.954159999999995,52.39496,58.70964,59.13446,60.5038,58.9337,60.228069999999995,62.32558,63.69985,64.176,64.81879,65.35713,65.95265,,,,,,,,,60.2949,60.64819,61.10123000000001,61.571780000000004,62.07459,62.00597,62.7109,63.48105,64.27246,64.72476,65.58355,66.31056,67.10404,68.07179000000001,68.72493,69.83685,70.35145,71.18083,72.21095,72.87947,73.84942,74.60969,75.03295,76.24353,77.08168,80.00241,80.5662,80.89191,77.643,78.26312,78.72596,77.56362,78.14771,79.49859000000001,80.38914,80.70831,81.04234,81.33483000000001,81.58286
6,ARE,United Arab Emirates,,,,,38.1248703,,,,,,,,,,68.66127777,,,,,,,,,,,,,,,,,,,,91.47474670000001,,,,,,,,,,,,,,,,,58.386108400000005,,,,,,,,,,72.27427673,,,,,,,,,,,,,,,,,,,,89.48210144,,,,,,,,,,,
7,ARG,Argentina,,,,,,,,,,93.58088684,,,,,,,,,,,96.04135895,,,,,,,,,,97.19341278,,,,,,,,,,,,,,98.12999725,,,,,,,,,,,,94.26338959,,,,,,,,,,,96.2212677,,,,,,,,,,97.19319916,,,,,,,,,,,,,,98.04000092,
8,ARM,Armenia,,,,,,,,,,,,,,,,,,,98.15013885,,,,,,,,,,,,99.16107178,,,,,,,,,,99.69035339,,,,,,,,,,,,,,,,,,,,,,,,,99.40384674,,,,,,,,,,,,99.67223358,,,,,,,,,,99.80608368,,,,,
9,ASM,American Samoa,,,,,,,,,,,,,,,,,,,,,,,,,,,,,,,,,,,,,,,,,,,,,,,,,,,,,,,,,,,,,,,,,,,,,,,,,,,,,,,,,,,,,,,,,,,,,
10,ATG,Antigua and Barbuda,,,,,,,,,,,,,,,,,,,,,,,,,,,,,,,99.41999817,,,,,,,,,,,,,,,,,,,,,,,,,,,,,,,,,,,,,,,,,,,,,,,98.40000153,,,,,,,,,,,,,,,
11,AUS,Australia,,,,,,,,,,,,,,,,,,,,,,,,,,,,,,,,,,,,,,,,,,,,,,,,,,,,,,,,,,,,,,,,,,,,,,,,,,,,,,,,,,,,,,,,,,,,,
12,AUT,Austria,,,,,,,,,,,,,,,,,,,,,,,,,,,,,,,,,,,,,,,,,,,,,,,,,,,,,,,,,,,,,,,,,,,,,,,,,,,,,,,,,,,,,,,,,,,,,
13,AZE,Azerbaijan,,,,,,,,,,,,,,,,,,,,,,,,,,,,,98.17478179999999,,,,,,,,99.39788055,,99.68215179,99.69262695,99.70496368,99.70285797,99.71681976,99.7196579,99.7171402,99.71955109,,,,,,,,,,,,,,,,,,,,,,,,,,,,,,99.47241974,,,,,,,,99.8239975,,99.84266663,99.85443878,99.85665894,99.85285187,99.86592102,99.86200714,99.86263275,99.86405182
14,BDI,Burundi,,,,,,,,,11.9835701,,,,,,,,,,,27.52930069,,,,,,,,,,52.23775864,,,,,,,,43.15718842,,,,,,54.66302872,,,,,,,,,,,,34.26271057,,,,,,,,,,,48.23625183,,,,,,,,,,67.30693054,,,,,,,,53.12839127,,,,,,69.69251251,,
15,BEL,Belgium,,,,,,,,,,,,,,,,,,,,,,,,,,,,,,,,,,,,,,,,,,,,,,,,,,,,,,,,,,,,,,,,,,,,,,,,,,,,,,,,,,,,,,,,,,,,,
16,BEN,Benin,,,,,,,,,9.539079666000001,,,,,,,,,,,,,16.56524086,,,,,,,,,,23.30014038,,,,18.44290924,,,,,,22.0938797,,,,,,,,,,,,,,25.19005966,,,,,,,,,,,,,39.90333939,,,,,,,,,,47.86595917,,,,40.61616898,,,,,,44.96025848,,,,
17,BFA,Burkina Faso,,,,,3.182770014,,,,,,,,,,,,,,,,8.225429535,,,,,8.057979584,,,,,,,15.18877029,,16.62224007,16.29113007,21.57957077,,,,,,,26.22024918,,,,,,,,14.52849007,,,,,,,,,,,,,,,,19.62612915,,,,,18.51778984,,,,,,,29.36199951,,31.44193077,29.71435928,36.68067169,,,,,,,44.37945175,,
18,BGD,Bangladesh,,,,,,,,,,,17.971630100000002,,,,,,,,,,25.83897972,,,,,,,,,,40.823349,,,,,,43.74084854,,,,46.74320984,,,,,69.89720917,,,,,,,,,,,,39.7322998,,,,,,,,,,44.31428146,,,,,,,,,,53.89609146,,,,,,49.83232879999999,,,,47.44984818,,,,,75.61885071
19,BGR,Bulgaria,,,,,,,,,,,,,,,,,,,,,,,,,,,,,,,97.70648956,,,,,,,,,,97.98390198,,,,,,,,,,,,,,,,,,,,,,,,,,,,,,,,,,,,,98.73660278,,,,,,,,,,98.74723053,,,,,
20,BHR,Bahrain,,,,,,,,,,,58.59109116,,,,,,,,,,76.93231964,,,,,,,,,,83.55741882,,,,,,,,,91.61257935,,,,,,,,,,,,,,,,,,76.51837158,,,,,,,,,,88.53736877,,,,,,,,,,88.55410767,,,,,,,,,96.14022827,,,,,,
21,BHS,"Bahamas, The",,,,,,,,,,,,,,,,,,,,,,,,,,,,,,,,,,,,,,,,,,,,,,,,,,,,,,,,,,,,,,,,,,,,,,,,,,,,,,,,,,,,,,,,,,,,,
22,BIH,Bosnia and Herzegovina,,,,,,,,,,,,,,,,,,,,,81.9593277,,,,,,,,,94.35993958,,,,,,,,,,,96.80371094,,94.91049194,,,,,,,,,,,,,,,,,,,,,,,,,96.30541992,,,,,,,,,99.03370667,,,,,,,,,,,99.54132843,,99.17627716,,,
23,BLR,Belarus,,,,,,,,,,,,,,,,,,,96.6282196,,,,,,,,,,99.41972351,,,,,,,,,,99.49398804,,,,,,,,,,,,,,,,,,,,,,,,,,,99.38417816,,,,,,,,,,99.79210663,,,,,,,,,,99.76368713,,,,,,,
24,BLZ,Belize,,,,,,,,,,,,,,,,,,,,,70.32839203,,,,,,,,,,,,,,,,,,,,,,,,,,,,,,,,,,,,,,,,,,,,,,,70.26876831,,,,,,,,,,,,,,,,,,,,,,,,,
25,BMU,Bermuda,,,,,,,,,,,,,,,,,,,,,,,,,,,,,,,,,,,,,,,,,,,,,,,,,,,,,,,,,,,,,,,,,,,,,,,,,,,,,,,,,,,,,,,,,,,,,
26,BOL,Bolivia,,,,,,51.37464905,,,,,,,,,,,,,,,,72.31321716,,,,,,,,,80.6543808,,,,,,85.98593903,86.83174896,86.82145691,,88.0802002,91.87326813,,,88.58286285,,,,,,,,75.84288788,,,,,,,,,,,,,,,,88.15558624,,,,,,,,,93.05747223,,,,,,96.03626251,94.95542908,95.80364227,,96.60105133,97.10704803,,,96.52275085,
27,BRA,Brazil,,,,,,,,,,72.85314941,,,,,,,,,,,,,,,,,,,,86.50005341,,,,88.80612946,,89.85559082,90.22801208,90.21955109,90.41121674,90.68170166,91.63314819,91.62490082,91.76496124,92.06051636,,,,,,,,,,,,,76.37735748,,,,,,,,,,,,,,,,,,,,86.22798157,,,,88.40946198,,89.35324097,89.7721405,89.83786774,90.17484283,90.05618286,91.16898346,91.02567291,91.17796326,91.36676788,,
28,BRB,Barbados,99.2515564,,,,,,,,,,,,,,,,,,,,,,,,,,,,,,,,,,,,,,,,,,,,,,99.28723145,,,,,,,,,,,,,,,,,,,,,,,,,,,,,,,,,,,,,,,,,,,,,,
29,BRN,Brunei Darussalam,,,,,,,,,,,68.84182739,,,,,,,,,,82.46135712,,,,,,,,,,90.16155243,,,,,,,,,,94.65248108,,,,,,,,,,,,,,,,,85.1368103,,,,,,,,,,92.45218658,,,,,,,,,,95.15042114,,,,,,,,,,97.42816162,,,,,
30,BTN,Bhutan,,,,,,,,,,,,,,,,,,,,,,,,,,,,,,,,,,,38.68066025,,,,,,,48.0165596,,,,,,,,,,,,,,,,,,,,,,,,,,,,,,,,,,,,,,,,65.0477829,,,,,,,66.00305939,,,,
31,BWA,Botswana,,,,,,,,,,,,,,,,,,,,,71.29924011,,,,,,,,,,,,81.80795288,,,,,,,,,,,,,,,,,,,,,,,,,,,,,,,,,,,65.38694,,,,,,,,,,,,80.43010712,,,,,,,,,,,,,
32,CAF,Central African Republic,,,,,8.399580002,,,,,,,,,,,,,20.33687973,,,,,,,,,,,,35.29090118,,,,,,,,,,24.35548973,,,,,,,,,,,,29.5929203,,,,,,,,,,,,,48.02030182,,,,,,,,,,,,66.78952789,,,,,,,,,,50.71271133,,,,,,
33,CAN,Canada,,,,,,,,,,,,,,,,,,,,,,,,,,,,,,,,,,,,,,,,,,,,,,,,,,,,,,,,,,,,,,,,,,,,,,,,,,,,,,,,,,,,,,,,,,,,,
34,CEB,Central Europe and the Baltics,,,,,,,,,,,97.04938,97.07842,97.10569,97.15069,97.18892,97.22309,97.27181,97.39296999999999,97.49143000000001,97.59431,97.67245,97.75027,97.81553000000001,,,,,,,,,,,,,,,,,,,,,,,,,,,,,,,,,,,,99.01356,99.02429000000001,99.04212,99.05588,99.06562,99.0799,99.09186,99.11788,99.1393,99.15325,99.1757,99.19261,,,,,,,,,,,,,,,,,,,,,,,
35,CHE,Switzerland,,,,,,,,,,,,,,,,,,,,,,,,,,,,,,,,,,,,,,,,,,,,,,,,,,,,,,,,,,,,,,,,,,,,,,,,,,,,,,,,,,,,,,,,,,,,,
36,CHI,Channel Islands,,,,,,,,,,,,,,,,,,,,,,,,,,,,,,,,,,,,,,,,,,,,,,,,,,,,,,,,,,,,,,,,,,,,,,,,,,,,,,,,,,,,,,,,,,,,,
37,CHL,Chile,,,,,,,,,,,,90.80011749,,,,,,,,,,94.03671265,,,,,,,,,,95.64093018,,,,,,98.6955719,98.4912796,,96.53070831,,96.16175079,,,,,,,,,,,,,,,,91.48053741,,,,,,,,,,94.56307220000001,,,,,,,,,,95.79640961,,,,,,98.60163879,98.60720062,,96.89878082,,96.38800812,,,
38,CHN,China,,,,,,,,,,,,51.13681029999999,,,,,,,,68.07208252,,,,,,,,,,86.5266037,,,,,,,,,,92.71122742,,,,,,,,,,,,,,,,,,,79.19178009,,,,,,,,87.02497864,,,,,,,,,,95.13524628,,,,,,,,,,97.47946167,,,,,,
39,CIV,Cote d'Ivoire,,,,,,,,,,,,,,,,,,23.43378067,,,,,,,,,,28.47666931,,38.61450958,,,,,,,,,,,,30.46171951,,36.78424835,,,,,,,,,,,,,,,,,,,,,44.36354065,,,,,,,,,,43.94641876,,60.86066055,,,,,,,,,,,,51.59267044,,50.70190048,,
40,CMR,Cameroon,,,,,,29.11613083,,,,,,,,,,,,,,,,,,,,,,,,58.7217598,,,,,,,63.02206039,,,64.79949951,,,,,,,,,,,,,54.62984848,,,,,,,,,,,,,,,,,,,,,,,,79.19451904,,,,,,,78.9499588,,,78.32769012,,,,,,
41,COD,"Congo, Dem. Rep.",,,,,,,,,,,,,,,,,,,,,,,,,,,,,,,54.06090164,,,,,,46.10425186,,,,,62.91864014,,,,66.49997711,,,,,,,,,,,,,,,,,,,,,,,,,,,,,,,,80.92324066,,,,,,76.91568756,,,,,87.90838623,,,,88.52468872
42,COG,"Congo, Rep.",,,,,,,,,,,,,,,,,,,,,,,,,,,,,,,,,,,,,,,,,72.87705994,,,,,,,,,,,,,,,,,,,,,,,,,,,,,,,,,,,,,,,,,,,,,,,86.43431091,,,,,
43,COL,Colombia,,,,,,,,,,,,,,,,,,,,,,,91.14790344,,,91.31400299,,,,,,,,92.71463013,92.91124725,92.22059631,92.8456192,93.43537140000001,93.41513062,93.48679352,93.66712952,,,94.48465729,94.41581726,,,,,,,,,,,,,,,,,,,,,,,,,90.97265625,,,91.0891037,,,,,,,,92.90412140000001,92.77794647,92.39279938,92.42970276,93.31687927,93.06253815,93.25019073,93.48825836,,,93.86740112,94.06317139,
44,COM,Comoros,,,,,,,,,,40.31761932,,,,,,,,,,,,,,,,,,,,63.45901871,,,,,,,,,,,,42.63729095,,,,,,,,,,,,,,,55.97703934,,,,,,,,,,,,,,,,,,,,74.51403809,,,,,,,,,,,,56.47980118,,,,
45,CPV,Cabo Verde,,,,,,,,,,,,,,,,,,,,52.99861908,,,,,,,,,,,,,,,,,,,,,,80.49622345,,,82.04222107,,,,,,,,,,,,,,,,,,,,,,74.75926971,,,,,,,,,,,,,,,,,,,,,,90.47450256,,,91.69143677,
46,CRI,Costa Rica,,,,,,,,,,,,,,92.57713318,,,,,,,,,,,,,,,,95.08078766,,,,,,,,,,,97.50041199,,,,,,,,,,,,,,,,,,,,92.68213654,,,,,,,,,,,,,,,,94.650177,,,,,,,,,,,97.30632782,,,,,
47,CSS,Caribbean small states,,,,,,,,,,,,,,,,,,,,,,,88.94199,88.99513,89.26807,89.50966,89.75164000000001,89.99358000000001,89.8081,90.49835999999999,90.73527,90.94824,91.15308,91.36983000000001,91.55682,91.73966,92.32842,92.52599000000001,92.69078,,,,,,,,,,,,,,,,,,,,,,,,,,,,,,,84.5226,84.55254000000001,84.81504,85.05495,85.29674,85.54393,85.23805,86.06818,86.35933,86.63559000000001,86.90736,87.16745999999999,87.46263,87.7098,88.17755,88.41722,88.63919,,,,,,,
48,CUB,Cuba,,,,,,,,,,,,,,,,,,,,,,,,,,,,,,,,99.79091644,,,,,,,,,,99.79988098,,,,,,,,,,,,,,,,,,,,,,,,,,,,,,,,,,,,,99.80731201,,,,,,,,,,99.70606232,,,,
49,CUW,Curacao,,,,,,,,,,,,,,,,,,,,,,,,,,,,,,,,,,,,,,,,,,,,,,,,,,,,,,,,,,,,,,,,,,,,,,,,,,,,,,,,,,,,,,,,,,,,,
50,CYM,Cayman Islands,,,,,,,,,,,,,,,,,,,,,,,,,,,,,,,,,,,,,99.02147675,,,,,,,,,,,,,,,,,,,,,,,,,,,,,,,,,,,,,,,,,,,,,,,98.72238922,,,,,,,,,
51,CYP,Cyprus,,,,,,,,,,,,,,,,,,,,,,91.00177765,,,,,,,,,95.07965851,,,,,,,,,,98.1162262,,,,,,,,,,,,,,,,,,,,,,,,,,,,97.83058929,,,,,,,,,98.63104248,,,,,,,,,,99.28614807,,,,,
52,CZE,Czech Republic,,,,,,,,,,,,,,,,,,,,,,,,,,,,,,,,,,,,,,,,,,,,,,,,,,,,,,,,,,,,,,,,,,,,,,,,,,,,,,,,,,,,,,,,,,,,,
53,DEU,Germany,,,,,,,,,,,,,,,,,,,,,,,,,,,,,,,,,,,,,,,,,,,,,,,,,,,,,,,,,,,,,,,,,,,,,,,,,,,,,,,,,,,,,,,,,,,,,
54,DJI,Djibouti,,,,,,,,,,,,,,,,,,,,,,,,,,,,,,,,,,,,,,,,,,,,,,,,,,,,,,,,,,,,,,,,,,,,,,,,,,,,,,,,,,,,,,,,,,,,,
55,DMA,Dominica,,,,,,,,,,,,,,,,,,,,,,,,,,,,,,,,,,,,,,,,,,,,,,,,,,,,,,,,,,,,,,,,,,,,,,,,,,,,,,,,,,,,,,,,,,,,,
56,DNK,Denmark,,,,,,,,,,,,,,,,,,,,,,,,,,,,,,,,,,,,,,,,,,,,,,,,,,,,,,,,,,,,,,,,,,,,,,,,,,,,,,,,,,,,,,,,,,,,,
57,DOM,Dominican Republic,,,,,,,,,,,72.53607941,,,,,,,,,,,,,,,,,,,,,87.17709351,,,,,88.27716827,,,89.69730377,90.22557068,90.22416687,91.25051117,92.147789,92.32106018,,,,,,,,,,,,,73.59024811,,,,,,,,,,,,,,,,,,,,,86.8110199,,,,,88.21015167,,,89.37703705,89.98500824,90.08482361,90.45812988,91.37159729,91.65071106,
58,DZA,Algeria,,,,,,,,,,,,,,,,,35.83992004,,,,,,,,,,,,,,,60.07508087,,,,63.91878891,,67.54875183,,,,,,,,,,,,,,,,,,,,,,,,,,63.37742996,,,,,,,,,,,,,,,79.18669128,,,,81.28404236,,82.6158371,,,,,,,,
59,EAP,East Asia & Pacific (excluding high income),,,,,,50.35375,50.573859999999996,52.0046,53.534240000000004,54.27177,56.42626,57.37455,59.30797,60.70821,62.047940000000004,63.25169,64.76122,70.58861999999999,71.57599,71.50912,73.19296999999999,73.9048,74.5972,75.3425,76.08064,76.81331,84.89260999999999,85.41986,85.89455,86.47574,86.93898,87.47122,88.02421,88.73942,89.23141,89.8197,91.38324,91.74336,92.21445,92.36171999999999,92.24384,92.55235,92.67822,93.20382,93.36969,93.5664,,,,,,,77.32581,77.43379,78.24235999999999,79.05369,79.36658,80.59643,81.00399,82.07758000000001,82.79198000000001,83.46887,84.13407,85.12484,87.93744000000001,88.35516,87.87151999999999,89.05829,89.35531999999999,89.58849000000001,89.92653,90.25816,90.59501999999999,93.81687,94.03425,94.22447,94.59231,94.69266,94.90399000000001,95.08348000000001,95.45678000000001,95.68777,95.94529,96.55249,96.68431,96.82698,96.86077,96.62573,96.76313,96.82167,96.99699,97.09139,97.15205999999999
60,EAR,Early-demographic dividend,,,,,37.15837,37.50685,38.22058,38.973620000000004,39.67763,39.784909999999996,40.9056,41.9368,42.72413,43.74433,44.53637,45.35852,46.33725,46.73191,47.5504,48.66498,49.376709999999996,50.37921,51.17374,52.15899,53.14869,54.062290000000004,54.872780000000006,57.758880000000005,58.567009999999996,59.42136,60.073919999999994,60.74673000000001,61.79616,62.73356,61.551809999999996,63.23373,63.99487,65.01609,66.13377,68.19773,68.11016,69.73566,70.3697,71.35424,71.95249,72.66565,,,,,,60.02435,60.18764,60.75914,61.283680000000004,61.79948,61.85305,62.38235,63.23196,63.68196,64.26661999999999,64.76706,65.2407,66.06406,67.15939,67.71718,68.37026,68.63354,69.72978,70.5241,71.16544,71.77443000000001,72.31707,72.84799,76.00195,76.42904,76.92109,77.16683,77.82261,78.84300999999999,79.46878000000001,79.63221,79.57089,80.10344,81.05373,81.66377,82.03761999999999,81.19605,83.10651999999999,83.39224,83.86259,84.24545,84.57598
61,EAS,East Asia & Pacific,,,,,,57.18199,57.305009999999996,58.4676,59.7105,60.26603000000001,62.05486,62.79792,64.39631999999999,65.54254,66.64788,67.646,68.9246,73.98181,74.81886999999999,74.78902,76.25258000000001,76.85755,77.4434,78.07883000000001,78.7219,79.3514,86.44493,86.90949,87.32658,87.8352,88.2418,88.70897,89.19516,89.82968000000001,90.26026,90.77855,92.16631,92.48501999999999,92.90348,93.03505,92.93043,93.20600999999999,93.31953,93.78896999999999,93.93781,94.11435,,,,,,,80.17249,80.23881999999999,80.91152,81.58543,81.82525,82.86693000000001,83.19301,84.10148000000001,84.7005,85.27136999999999,85.83589,86.69403,89.15783,89.51685,89.0924,90.13549,90.39175999999999,90.59096,90.88398000000001,91.18186,91.48116,94.3384,94.53707,94.71112,95.04204,95.13569,95.32777,95.49157,95.83105,96.03638000000001,96.26637,96.81056,96.92925,97.05808,97.08977,96.88048,97.00493,97.05879,97.21746,97.30305,97.35882
62,ECA,Europe & Central Asia (excluding high income),,,,,,,,,,,,,91.40444000000001,92.28243,92.47022,92.62174,92.80457,93.01943,93.12289,93.3708,93.53148,93.71966,93.90243000000001,94.08289,94.27049,94.54594,94.71989,95.24471,95.34541,95.36213000000001,95.4684,95.59394,95.70461999999999,95.88552,96.13495999999999,96.089,96.23935,96.31326,97.13373,97.56464,97.93379,98.12746,98.19782,98.23736,98.27967,98.4013,,,,,,,,,,,,,,97.25561,97.66131999999999,97.74904000000001,97.76901,97.82383,97.86950999999999,97.92562,98.02486,98.03491,98.08975,98.13933,98.18681,98.23583,98.30265,98.33967,98.43153000000001,98.44736,98.6772,98.72123,98.75849000000001,98.78644,98.83249,98.9747,98.95472,98.98901,99.0027,99.11469,99.26971999999999,99.37984,99.43138,99.44825,99.46348,99.47765,99.51393
63,ECS,Europe & Central Asia,,,,,,,,,,,,,,,,,95.11801,95.4031,95.4783,95.64146,95.74417,95.8563,95.96800999999999,96.07785,96.22267,96.40525,96.53779,96.84307,96.94191,97.00126999999999,97.10077,97.19226,97.29033000000001,97.39579,97.49974,97.52808,97.59401,97.63705999999999,97.98980999999999,98.19816,98.43038,98.53956,98.59316,98.62377,98.6567,98.72943000000001,,,,,,,,,,,,,,,,,,98.02311,98.13447,98.17501,98.23361,98.25256999999999,98.28958,98.32369,98.35654,98.42284000000001,98.49606999999999,98.55651,98.64907,98.69955999999999,98.84387,98.90394,98.94054,98.99382,99.041,99.09851,99.12384,99.12406999999999,99.14026,99.17421999999999,99.25279,99.33013000000001,99.36426999999999,99.38469,99.39563000000001,99.4094,99.43303
64,ECU,Ecuador,,,,,,,,,,,,80.40522766,,,,,,,,86.19332886,,,,,,,,,,,89.69709015,,,,,,81.68058777,,81.45120239,90.47010803,90.22081757,90.95168304,92.21807861,93.25386047,93.25662231,93.31452942,,,,,,,,,,,,,86.78697205,,,,,,,,90.49677277,,,,,,,,,,,92.32713318,,,,,,87.25936127,,87.11865234,93.31687164,93.05252075,93.25424194,94.42572784,95.25717163,95.72621918,95.44502258
65,EGY,"Egypt, Arab Rep.",,,,,,22.43800926,,,,,,,,,,31.39266968,,,,,,,,,,43.59531021,,,,,,,,,30.79796028,57.81190872,,,,63.51580811,,65.75666046,67.17986298,,,,,,,,,,53.6151886,,,,,,,,,,56.97615814,,,,,,,,,,67.15177917,,,,,,,,,83.01751709,74.62180328,,,,80.26864624,,81.67922211,82.63333893,,,
66,EMU,Euro area,,,,,,,,,,,,,,,,,,96.59552,96.6785,96.76738,96.85051,96.92639,97.00854,97.08805,97.22358,97.36109,97.48203000000001,97.64145,97.75865999999999,97.87134,97.98294,98.0553,98.1602,98.20073000000001,98.18045,98.30716,98.30109,98.31783,98.27938,98.31902,98.4948,98.5532,98.61003000000001,98.6427,98.67655,98.72308000000001,,,,,,,,,,,,,,,,,,,97.93869000000001,97.98288000000001,98.02343,98.06133,98.09226,98.1254,98.15732,98.24598,98.33355999999999,98.42049,98.52723,98.61231,98.70209,98.78052,98.80981,98.88914,98.93269000000001,98.92192,99.0076,98.96911,98.99192,98.95397,98.98201,99.05745999999999,99.08695999999999,99.11962,99.12991,99.14763,99.16769000000001
67,ERI,Eritrea,,,,,,,,,,,,,,,,,,,,,,,,,,,,,,,,40.22441864,,,,,,54.80107117,,,,,,,,,,,,,,,,,,,,,,,,,,,,,,,,,,,,,,,,,65.39012146,,,,,,75.07241058,,,,,,,,
68,ESP,Spain,,,,,,,,,,,89.93692017,,,,,,,,,,95.0510025,,,,,,,,,,,,,96.23088074,96.92514801,,97.26032257,96.88684082,96.92597198,97.00450134,97.06556702,97.21804047,97.4405365,97.48735046,97.54712677,97.69535828,,,,,,,,,,,,95.8975296,,,,,,,,,,98.03549194,,,,,,,,,,,,,98.14391327,98.61746979,,98.633461,98.40229797,98.46193695,98.52571106,98.53618622,98.60652924,98.74874878,98.73126984,98.77088928,98.83596802
69,EST,Estonia,,,,,,,,,,,,,,,,,,,99.60147858,,,,,,,,,,,99.76006317,,,,,,,,,,,99.90947723,,,,,,,,,,,,,,,,,,,,,,,,,99.87597656,,,,,,,,,,,99.77594757,,,,,,,,,,,99.85897827,,,,,
70,ETH,Ethiopia,,,,,,,,,,,,,,,,,,,,,,,,18.51498032,,,,,,,,,,22.79999924,17.97719955,,28.921640399999998,,,,,,,,,,,,,,,,,,,,,,,,,,,,,,,,,,35.98254013,,,,,,,,,,50.0,41.9366188,,49.13465881,,,,,,,,,
71,EUU,European Union,,,,,,,,,,,,,,,,,,97.09228,97.16578,97.24331,97.31156999999999,,97.44073,97.50603000000001,97.62325,97.73966999999999,97.84687,97.98336,98.0603,98.16005,98.25794,98.33067,98.41998000000001,98.46919,98.46375,98.55456,98.55745999999999,98.57918000000001,98.60845,98.63986,98.76105,98.80419,98.84626,98.87213,98.89868,98.93313,,,,,,,,,,,,,,,,,,,98.31401,98.34682,98.37538,98.40267,,98.44953000000001,98.47312,98.54916,98.62380999999999,98.69844,98.78749,98.84142,98.9167,98.98438,99.01945,99.08662,99.13059,99.12399,99.18168,99.15697,99.17551,99.17792,99.19828000000001,99.24969,99.2705,99.29345,99.30142,99.31425,99.32842
72,FCS,Fragile and conflict affected situations,,,,,,,,,,,,,,,,,45.20385,45.75864,45.911229999999996,46.38603,46.7991,47.306940000000004,47.52785,48.58408,49.33972,49.94466,50.83748,51.70044,52.38412,53.58184,54.30105,54.597930000000005,55.045519999999996,55.51885,55.80438,53.83524,54.06811,53.81269,51.959109999999995,52.42944,51.87321,52.35852,52.18612,53.173590000000004,53.71909,54.28536999999999,,,,,,,,,,,,,,,,,,66.9604,67.43893,67.59269,67.95209,68.27799,68.59777,68.80753,69.58703,69.82582,70.2298,70.92286,71.82016999999999,72.07215,72.85198000000001,73.38963000000001,73.72377,73.59186,73.7123,73.77804,71.93012,71.8301,71.24002,69.4281,69.61697,68.87053,69.33219,69.12751999999999,69.49486999999999,69.67947,69.76895
73,FIN,Finland,,,,,,,,,,,,,,,,,,,,,,,,,,,,,,,,,,,,,,,,,,,,,,,,,,,,,,,,,,,,,,,,,,,,,,,,,,,,,,,,,,,,,,,,,,,,,
74,FJI,Fiji,,,,,,,,,,,,,,,,,,,,,,,,,,,,,,,,,,,,,,,,,,,,,,,,,,,,,,,,,,,,,,,,,,,,,,,,,,,,,,,,,,,,,,,,,,,,,
75,FRA,France,,,,,,,,,,,,,,,,,,,,,,,,,,,,,,,,,,,,,,,,,,,,,,,,,,,,,,,,,,,,,,,,,,,,,,,,,,,,,,,,,,,,,,,,,,,,,
76,FRO,Faroe Islands,,,,,,,,,,,,,,,,,,,,,,,,,,,,,,,,,,,,,,,,,,,,,,,,,,,,,,,,,,,,,,,,,,,,,,,,,,,,,,,,,,,,,,,,,,,,,
77,FSM,"Micronesia, Fed. Sts.",,,,,,,,,,,,,,,,,,,,,,,,,,,,,,,,,,,,,,,,,,,,,,,,,,,,,,,,,,,,,,,,,,,,,,,,,,,,,,,,,,,,,,,,,,,,,
78,GAB,Gabon,,,,,,,,,,,,,,,,,,,,,,,65.32630920000001,,,,,,,,,,,,,,,,,,,79.87896729,,,,,,,,,,,,,,,,,,,,,,,,,,,,79.44418335,,,,,,,,,,,,,,,,,,,84.87329865,,,,
79,GBR,United Kingdom,,,,,,,,,,,,,,,,,,,,,,,,,,,,,,,,,,,,,,,,,,,,,,,,,,,,,,,,,,,,,,,,,,,,,,,,,,,,,,,,,,,,,,,,,,,,,
80,GEO,Georgia,,,,,,,,,,,,,,,,,,,,,,,,,,,,,,,,99.55284882,,,,,,,,,,,,99.51457977,,,,,,,,,,,,,,,,,,,,,,,,,,,,,,,,,,,99.76898193,,,,,,,,,,,,99.66821289,,
81,GHA,Ghana,,,,,,,,,,,,,,,,,,,,,,,,,,,,,,49.79196167,,,,,,,,,,65.29469299,,,,,,,,,,,,,,,,,,,,,,,,,,,,,,,,,,,,,66.35128021,,,,,,,,,,78.34890747,,,,,,
82,GIB,Gibraltar,,,,,,,,,,,,,,,,,,,,,,,,,,,,,,,,,,,,,,,,,,,,,,,,,,,,,,,,,,,,,,,,,,,,,,,,,,,,,,,,,,,,,,,,,,,,,
83,GIN,Guinea,,,,,,,,,,,,,,,,,,,,,,,,,,9.743069649,,,,,,,18.23867989,,,,,,,12.19194984,,,,21.96228027,,,,,,,,,,,,,,,,,,,,,,,,,,,,,32.89533997,,,,,,,42.9031601,,,,,,,36.78979111,,,,43.64009094,,
84,GMB,"Gambia, The",,,,,,,,,,,,,,,,,,,,,,,,,,,,,,25.06155014,,,,,,,,,,,,,33.57535172,,,,,,,,,,,,,,,,,,,,,,,,,,,,,,,,,,48.98115158,,,,,,,,,,,,,51.41804123,,,
85,GNB,Guinea-Bissau,,,,,,,,,8.588259697,,,,,,,,,,,,,,,,,,,,,27.49420929,,,,,,,,,,,,,,30.76851082,,,,,,,,,,,,33.34894943,,,,,,,,,,,,,,,,,,,,,57.61375046,,,,,,,,,,,,,,62.15797043,,
86,GNQ,Equatorial Guinea,,,,,,,,,,,,,,,,,,,,,,,,,,,,,,81.6230011,,,,,,,,,,,,,,,,,,,,,,,,,,,,,,,,,,,,,,,,,,,,,,,94.84261322,,,,,,,,,,,,,,,,
87,GRC,Greece,,,,,,,,,,,85.31999207,,,,,,,,,,89.353302,,,,,,,,,,94.23941040000001,,,,90.76541138,,91.81246948,,91.84761047,,96.22849274,,,,,,,,,,,,,,,,,96.063797,,,,,,,,,,96.03746033,,,,,,,,,,97.81121826,,,,95.45005798,,96.15756989,,96.06622314,,98.07833862,,,,,
88,GRD,Grenada,97.58978271,,,,,,,,,,,,,,,,,,,,,,,,,,,,,,,,,,,,,,,,,,,,,,98.04715729,,,,,,,,,,,,,,,,,,,,,,,,,,,,,,,,,,,,,,,,,,,,,,
89,GRL,Greenland,,,,,,,,,,,,,,,,,,,,,,,,,,,,,,,,,,,,,,,,,,,,,100.0,,,,,,,,,,,,,,,,,,,,,,,,,,,,,,,,,,,,,,,,,,,,,,,100.0,
90,GTM,Guatemala,,,,,,,,,,,,,,,,,,,,,,,,57.29265976,,,,,,,,63.34138107,,,,,,,,,,72.42803955,72.12758636,76.37065887,,,,,,,,,,,,,,,,,,,,,,,,,,,71.70639038,,,,,,,,75.41558075,,,,,,,,,,84.84873199,82.72068024,86.75615692,,
91,GUM,Guam,,,,,,,,,,,,,,,,,,,,,,,,,,,,,,,,,,,,,,,,,,,,,,,,,,,,,,,,,,,,,,,,,,,,,,,,,,,,,,,,,,,,,,,,,,,,,
92,GUY,Guyana,,,,,,,,,,,,,,,,,,,,,,,,,,,,,,,,,,,,,,,87.25198364,,,,,85.03460693,,,,,,,,,,,,,,,,,,,,,,,,,,,,,,,,,,,,,,,,,,82.43656158,,,,,86.31437683,,
93,HIC,High income,,,,,,,,,,,,,,,,,,,,,,,,,,,,,,,,,,,,,,,,,,,,,,,,,,,,,,,,,,,,,,,,,,,,,,,,,,,,,,,,,,,,,,,,,,,,,
94,HKG,"Hong Kong SAR, China",,,,,,,,,,,,,,,,,,,,,,,,,,,,,,,,,,,,,,,,,,,,,,,,,,,,,,,,,,,,,,,,,,,,,,,,,,,,,,,,,,,,,,,,,,,,,
95,HND,Honduras,,,,,,,,,,,,,,,,,,,,,,,,,,,,,,,80.22360229,,,,,,83.45276642,,,84.72502899,84.93026733,85.05148315,85.284729,87.02599335,87.89369965,88.93486023,,,,,,,,,,,,,,,,,,,,,,,,,,,,,,,,79.78523254,,,,,,83.74603271,,,84.78900909,85.34127808,85.69619751,85.66837311,87.39595032,87.92208099,89.04894257
96,HPC,Heavily indebted poor countries (HIPC),,,,,,,,,,,,,,,,32.330729999999996,33.025909999999996,33.636359999999996,34.152029999999996,34.86124,35.161120000000004,35.45537,35.92822,36.654270000000004,36.84132,37.53349,38.52782,39.19389,40.0303,41.147420000000004,41.9906,41.79958,42.68627,44.35773,43.89983,42.87478,44.55368,43.956379999999996,44.74745,45.73273,48.238620000000004,49.57801,50.09255,51.25065,51.93003,53.150180000000006,,,,,,,,,,,,,,,,,54.82135,55.384080000000004,55.66421,56.22266,56.646280000000004,56.77263000000001,57.03201,57.34808,57.862590000000004,57.612359999999995,57.91616,58.556509999999996,59.27664,60.033609999999996,60.663909999999994,61.255019999999995,62.610130000000005,63.17868000000001,65.2118,64.00421999999999,62.88338,63.86849,63.312909999999995,64.09898000000001,64.20828,65.79478,66.74401,67.05549,67.78649,68.07162,68.56768000000001
97,HRV,Croatia,,,,,,,,,,,,,,,,,,,,,94.8172226,,,,,,,,,,97.08390045,,,,,,,,,,98.66590881,,,,,,,,,,,,,,,,,,,,,,,,,,,98.75705719,,,,,,,,,,99.32058716,,,,,,,,,,99.62970734,,,,,
98,HTI,Haiti,,,,,,,,,,,,32.52495956,,,,,,,,,,,,,,,,,,,,,54.86146927,,,44.59944916,,,,,,,,,,,,,,,,,,,,,,,37.12974167,,,,,,,,,,,,,,,,,,,,,63.09001923,,,53.35504913,,,,,,,,,,
99,HUN,Hungary,,,,,,,,,,98.45413208,,,,,,,,,,,,,,,,,,,,,,,,,,,,,,,,,,,,,,,,,,,,,,,99.30319214,,,,,,,,,,,,,,,,,,,,,,,,,,,,,,,,,,,,
100,IBD,IBRD only,,,,,51.9367,52.04905,52.31989,53.179759999999995,54.01225,54.558240000000005,55.61792,56.38449,57.50554,58.50991,59.387069999999994,60.275459999999995,61.22675,64.06234,64.80336,65.29616999999999,66.33474,67.03153,67.64397,68.26594,68.92215,69.60568,73.76385,75.31905,75.82276999999999,76.39204000000001,76.84305,77.39756,78.17765,78.80785999999999,78.26168,79.18349,80.25233,80.75262,81.33521999999999,82.42833,82.97425,83.34165,83.63086,84.15142,84.54992,84.92368,,,,,,73.14556999999999,73.20607,73.45451,74.02095,74.57304,74.87459,75.47151,76.01003,76.68677,77.25868,77.77798,78.27319,78.943,80.72618,81.15046,81.20306,81.87533,82.39652,82.77381,83.13410999999999,83.51223,83.87096,85.64556999999999,87.29533,87.5463,87.90061999999999,88.075,88.3688,88.91728,89.24159,89.49006,89.337,90.08799,90.34626999999999,90.55190999999999,90.7055,90.92747,91.17788,91.32902,91.57229,91.80015,91.98824
101,IBT,IDA & IBRD total,,,,,49.17452,49.30097,49.58101,50.34363,51.11149,51.598009999999995,52.53345,53.23904,54.225359999999995,55.125,55.9204,56.684709999999995,57.563869999999994,59.991609999999994,60.690630000000006,61.2136,62.16444,62.77175,63.3458,63.986380000000004,64.61631,65.29281,68.76481,70.23993,70.77421,71.09238,71.57026,72.05915,72.76505999999999,73.46372,72.99325,73.75835,74.52917,74.99099,75.55131,76.49386,76.80529,77.67719,77.91585,78.4771,78.82011999999999,79.24789,,,,,,70.26026999999999,70.33943000000001,70.60042,71.11434,71.61282,71.90373000000001,72.42896,72.93028000000001,73.53157,74.04996,74.52324,74.97592,75.58798,77.18036,77.58717,77.68589,78.21639,78.82685,79.28102,79.65482,79.99195999999999,80.34508000000001,81.84664000000001,83.37449000000001,83.65711,83.83242,84.02247,84.41058000000001,84.97776,85.46772,85.53182,85.4177,85.71124,86.06837,86.34352,86.46037,86.21467,87.22431999999999,87.32387,87.57435,87.77054,87.94097
102,IDA,IDA total,,,,,,,,,38.26367,38.515609999999995,38.89718,39.34403,39.75816,40.22845,40.70717,40.97852,41.60805,42.35009,42.97926,43.66884,44.390609999999995,44.76907,45.34132,46.23234,46.93915,47.71291,48.5702,49.92269,50.769690000000004,50.27462,51.02353,51.41318,51.98662,53.11051,53.105340000000005,53.46538,53.329480000000004,53.871680000000005,54.587830000000004,55.24162,54.9809,57.89978000000001,58.23639,59.21151999999999,59.63926,60.511990000000004,,,,,,,,,,58.21402,58.47538,58.66605,59.00833000000001,59.29153,59.59955,59.904509999999995,60.2028,60.60507,61.414080000000006,61.83341,62.22606,62.27547,63.41704,64.34893000000001,64.93632,65.26689,65.70766,66.22098000000001,67.40788,67.9703,67.56631999999999,67.94527,68.82283000000001,69.57412,70.82185,70.29521,70.45307,69.14191,70.02247,70.71949000000001,70.8777,69.12127,73.07355,73.18958,73.66764,73.95434,74.25909
103,IDB,IDA blend,,,,,,46.58388,47.01082,47.445009999999996,48.19082,48.248979999999996,48.541779999999996,49.08041,49.453140000000005,49.84748,50.25308,50.18752,50.92238,51.64904,52.4376,53.113580000000006,54.4656,54.7787,55.487280000000005,56.26466,57.04558000000001,57.90513000000001,58.67501,59.801469999999995,60.51466,57.5849,58.076519999999995,58.743480000000005,58.7688,59.562380000000005,60.287240000000004,61.859719999999996,60.959959999999995,61.00799,61.84921,62.38061999999999,62.8115,63.5148,63.45454,64.51645,64.38183000000001,65.01275,,,,,,,64.64374000000001,64.99600000000001,65.29227,65.62543000000001,65.78596,65.88346999999999,66.22366,66.45936,66.67997,66.90283000000001,67.23401,67.68575,68.11391,68.47461,68.87229,69.05507,71.25948000000001,73.17094,73.68182,74.18356,74.7692,75.22507,75.91896,76.26146,74.43003,74.87971999999999,75.25985,76.27736,77.21038,77.39425,78.70533,77.08136999999999,76.75963,77.66111,77.74399,77.41155,78.53029000000001,78.2912,78.61052,78.8325,79.18198000000001
104,IDN,Indonesia,,,,,,,,,,57.69462967,,,,,,,,,,75.27011871,,,,,,,,,,,,,,86.79959106,,88.78697968,,89.10138702,89.67711639,,90.0687027,,,93.45089722,93.33570862,93.58692169,,,,,,,,,,,77.47499847,,,,,,,,,,88.02452087,,,,,,,,,,,,,,94.03507996,,95.15853882,,95.38318634,95.6470108,,95.59108734,,,96.79100799999999,97.10652161,97.17443848
105,IDX,IDA only,,,,,,,,,,,,,33.520109999999995,34.029340000000005,34.54804,35.03233,35.59383,36.35008,36.88562,37.56588,37.90183,38.34742,38.85973,39.85078,40.53698,41.27344,42.20203,43.71215,44.658409999999996,45.70196,46.6193,46.8456,47.77057,49.10968,48.66369,48.288740000000004,48.63962,49.50209,50.16013,50.90832,50.25657,54.5324,55.126259999999995,56.070330000000006,56.850559999999994,57.88454,,,,,,,,,,,,,54.19843,54.50945,54.874559999999995,55.23446,55.50936,55.88005,56.94765,57.414269999999995,57.80283000000001,57.784819999999996,58.25043,58.570080000000004,59.239369999999994,59.48809,59.852219999999996,60.41696999999999,61.933690000000006,62.64954,63.17267,63.516490000000005,64.72365,65.31855999999999,66.77779,65.81331999999999,65.25473000000001,64.15226,65.79964,66.38261999999999,66.60512,63.99434,69.72072,70.07625999999999,70.67271,71.02026,71.32
106,IMN,Isle of Man,,,,,,,,,,,,,,,,,,,,,,,,,,,,,,,,,,,,,,,,,,,,,,,,,,,,,,,,,,,,,,,,,,,,,,,,,,,,,,,,,,,,,,,,,,,,,
107,IND,India,,,,,,,,,,,25.67625046,,,,,,,,,,33.72953033,,,,,,,,,,47.84209824,,,,,50.82376099,,,,,59.27732086,,,,,,,,,,,,,,,,,54.84101868,,,,,,,,,,61.64191818,,,,,,,,,,73.41185759999999,,,,,75.19190216,,,,,78.87722778,,,,,
108,INX,Not classified,,,,,,,,,,,,,,,,,,,,,,,,,,,,,,,,,,,,,,,,,,,,,,,,,,,,,,,,,,,,,,,,,,,,,,,,,,,,,,,,,,,,,,,,,,,,,
109,IRL,Ireland,,,,,,,,,,,,,,,,,,,,,,,,,,,,,,,,,,,,,,,,,,,,,,,,,,,,,,,,,,,,,,,,,,,,,,,,,,,,,,,,,,,,,,,,,,,,,
110,IRN,"Iran, Islamic Rep.",,,,,,24.42308044,,,,,,,,,,41.03395081,,,,,56.15642166,,,,,66.06775665,,,,,,70.40000153,,,76.80264282,77.24002075,,77.69471741,,,,78.41626740000001,79.75583649,79.83934784,,,,,,,,,48.18333054,,,,,,,,,,63.09954834,,,,,74.27448273,,,,,79.87161255,,,,,,83.5,,,88.01032257,87.27218628,,88.17703247,,,,88.87982178,89.54248047,89.63542175,,
111,IRQ,Iraq,,,,,,,,,,,,,,,,,,,,,,,,,,,,,,64.16950226,,,,,,,,,,,,,37.95524979,,,,,,,,,,,,,,,,,,,,,,,,,,,,,,,,,,84.08740997,,,,,,,,,,,,,53.00727844,,,
112,ISL,Iceland,,,,,,,,,,,,,,,,,,,,,,,,,,,,,,,,,,,,,,,,,,,,,,,,,,,,,,,,,,,,,,,,,,,,,,,,,,,,,,,,,,,,,,,,,,,,,
113,ISR,Israel,,,,,,,,,,,,,88.67472076,,,,,,,,,,,,,,,,,,,,,,,,,,,,,,,,,,,,,,,,,,,,,,,94.96340179,,,,,,,,,,,,,,,,,,,,,,,,,,,,,,,,,
114,ITA,Italy,,,,,,,,,,,95.53666687,,,,,,,,,,,,,,,,,,,,98.0421524,,,,,,,,,,98.57956696,,,,,,,,,,,,,,,,,97.46465302,,,,,,,,,,,,,,,,,,,,98.82369232,,,,,,,,,,99.14100647,,,,,
115,JAM,Jamaica,,,,,,,,,,,,,,,,,,,,,,,,,,,,,85.87207794,,,,,,,,,,,,,,,,,,,,,,,,,,,,,,,,,,,,,,,,,,,,,,,74.08184052,,,,,,,,,,,,,,,,,
116,JOR,Jordan,,,,,,,,,52.11061096,,,,,,,,,,,,,,,,,,,,,,,,84.71392059,,87.0058136,,88.90331268,,,89.20774078,93.93345642,97.37200928,,,,,,,,,,,,,,80.48261261,,,,,,,,,,,,,,,,,,,,,,,,95.08450317,,95.17645264,,95.49455261,,,95.76724243,97.74835968,98.44455719,,,,
117,JPN,Japan,,,,,,,,,,,,,,,,,,,,,,,,,,,,,,,,,,,,,,,,,,,,,,,,,,,,,,,,,,,,,,,,,,,,,,,,,,,,,,,,,,,,,,,,,,,,,
118,KAZ,Kazakhstan,,,,,,,,,,,,,,,,,,,96.13877106,,,,,,,,,,99.28990173,,,,,,,,,,99.68428802,99.73899078,,,,,,,,,,,,,,,,,,,,,,,,,,99.07195282,,,,,,,,,,99.76329803,,,,,,,,,,99.78624725,99.8296814,,,,,,
119,KEN,Kenya,,,,,,,,,,,,,,,,,,,,,,,,,,,,,,77.89298248,,,,,,,66.86312103,,,,,,,74.00631714,,,,,,,,,,,,,,,,,,,,,,,,,,,,,,,,,87.49465942,,,,,,,78.07914734,,,,,,,83.7780304,,
120,KGZ,Kyrgyz Republic,,,,,,,,,,,,,,,,,,,,,,,,,,,,,98.13063049,,,,,,,,,,98.9812088,,,,,,,,,,,,,,,,,,,,,,,,,,,,,,,,,,,,,99.30670929,,,,,,,,,,99.5187912,,,,,,,
121,KHM,Cambodia,,,,,,,,,,,,,,,,,,,,,,,,,,,,56.99250031,,,,,,64.05098724,,,,70.85820007,65.93125153,,,,,,,,,,,,,,,,,,,,,,,,,,,,,,,,,,,,79.48217773,,,,,,84.68000793,,,,85.08267212,82.75240326,,,,,,,
122,KIR,Kiribati,,,,,,,,,,,,,,,,,,,,,,,,,,,,,,,,,,,,,,,,,,,,,,,,,,,,,,,,,,,,,,,,,,,,,,,,,,,,,,,,,,,,,,,,,,,,,
123,KNA,St. Kitts and Nevis,,,,,,,,,,,,,,,,,,,,,,,,,,,,,,,,,,,,,,,,,,,,,,,,,,,,,,,,,,,,,,,,,,,,,,,,,,,,,,,,,,,,,,,,,,,,,
124,KOR,"Korea, Rep.",,,,,,,,,,,,,,,,,,,,,,,,,,,,,,,,,,,,,,,,,,,,,,,,,,,,,,,,,,,,,,,,,,,,,,,,,,,,,,,,,,,,,,,,,,,,,
125,KWT,Kuwait,,,,,48.0152092,,,,,59.11050034,,,,,68.84937286,,,,,,,,,,74.14871979,,,,,,,,,,91.04250336,90.82862854,91.50348663,91.77864838,,92.68093872,,94.96524811,94.30116272,,94.470047,,,,,,,68.02863312,,,,,72.78765106,,,,,78.19730377,,,,,,,,,,81.12094879,,,,,,,,,,94.44603729,94.52522278,94.79457855,95.01587677,,95.54531097,,95.83972168,96.35418701,,96.39225006,
126,LAC,Latin America & Caribbean (excluding high income),,,,75.17845,75.18053,75.63205,76.17923,76.75065,77.27511,77.84266,78.27711,78.77948,79.28353,79.77812,80.26133,80.74372,81.02195999999999,81.64909,82.19496,82.73102,83.35303,84.03199000000001,84.72426999999999,85.33699,85.97952,86.35911999999999,86.67778,87.23436,87.60036,87.85363000000001,87.94655999999999,88.10839,88.97565999999999,88.89363,89.45742,89.22068,89.73629,90.13154,90.30888,90.72948000000001,91.31447,91.65895,91.75731,92.22832,92.5777,92.89112,,,,,81.23804,81.23376,81.48604,81.78953,82.09728,82.36363,82.47443,82.85508,83.10781,83.38965,83.64485,83.89241,84.1343,84.44313000000001,84.83331,85.1345,85.32795,85.9554,86.5657,87.18052,87.80128,88.41704,88.66981,88.96777,89.37385,89.62215,89.68697,89.95758000000001,89.96566,90.7647,90.60215,91.09289,91.11976,91.43409,91.74401,91.97715,91.97893,92.61239,92.77229,92.81084,93.20933000000001,93.59306,93.87516
127,LAO,Lao PDR,,,,,,,,,,,,,,,,,,,,,,,,,47.90235901,,,,,58.46070099,60.90251923,,,,63.22698975,,,,,,49.72307968,,,,,,,,,,,,,,,,,,,,,,,,,,,,,,,73.48625183,,,,,81.36018372,77.00605774,,,,82.45175171,,,,,,67.35858154,,,,,
128,LBN,Lebanon,,,,,,,,,,,,,,,,,,,,,,,,,,,,,,,,,,,,,85.96778107,,88.08705902,,,,,,,,,,,,,,,,,,,,,,,,,,,,,,,,,,,,,,,,,,,,,93.37893677,,94.27194977,,,,,,,
129,LBR,Liberia,,,,,,,,,,,,,,19.30278969,,,,,,,,,,,,,,,,,,,,,,,27.034910200000002,,,,,,,,,,,,,,,,,,,,,,,,44.87931824,,,,,,,,,,,,,,,,,,,,,,,60.77481079,,,,,,,,,
130,LBY,Libya,,,,,,,,,,,,,,42.31354904,,,,,,,,,,,,,,,,,,,,,,,,,,,,,,,,,,,,,,,,,,,,,,,76.99263,,,,,,,,,,,,,,,,,,,,,,,,,,,,,,,,
131,LCA,St. Lucia,,,,,,,,,,,,,,,,,,,,,,,,,,,,,,,,,,,,,,,,,,,,,,,,,,,,,,,,,,,,,,,,,,,,,,,,,,,,,,,,,,,,,,,,,,,,,
132,LCN,Latin America & Caribbean,,,,76.09154000000001,76.08709,76.50843,77.02017,77.56758,78.07055,78.60963000000001,79.03211,79.5218,79.99638,80.47054,80.93364,81.39595,81.67327,82.27019,82.82075999999999,83.33963,83.93041,84.57803,85.23595,85.81984,86.43222,86.79605,87.10236,87.63405999999999,87.98313,88.2275,88.3202,88.47936999999999,89.30128,89.22839,89.7688,89.55278,90.11742,90.50016,90.66315,91.03081,91.56052,91.89650999999999,91.97142,92.42865,92.76517,93.06703,,,,,81.81989,81.8122,82.04955,82.33461,82.63425,82.89441,83.00447,83.37501,83.61856,83.89079,84.13914,84.37973000000001,84.61445,84.90968000000001,85.28275,85.60863,85.79956,86.39742,86.97867,87.56436,88.15678,88.74469,88.98828,89.27516999999999,89.6644,89.89471,89.96065,90.22202,90.23348,90.99016999999999,90.8408,91.31241,91.3514,91.71826999999999,92.01898,92.24266,92.21452,92.79688,92.95767,92.97227,93.36097,93.73146,94.00368
133,LDC,Least developed countries: UN classification,,,,,,,,,,,29.33473,29.723770000000002,30.18003,30.71129,31.248309999999996,31.74363,32.3238,33.08659,33.679959999999994,34.3838,34.732459999999996,35.20467,35.752109999999995,36.83255,37.715090000000004,38.44124,39.382020000000004,40.94927,41.94865,42.78921,43.803709999999995,43.93268,44.87655,46.297129999999996,46.3399,45.83937,46.09517,46.86139,47.87614,48.48305,47.68768,52.363859999999995,52.97524,53.9116,54.68166,55.784180000000006,,,,,,,,,,,,51.88194,52.24582,52.583169999999996,52.95865,53.324040000000004,53.587430000000005,53.95542,55.053580000000004,55.58121,55.971940000000004,55.920719999999996,56.41133000000001,56.7404,57.46066999999999,58.014959999999995,58.359680000000004,58.92567,60.51033,61.298230000000004,61.46601,61.735330000000005,63.025059999999996,63.6412,65.22828,64.64389,63.9701,62.56033000000001,64.29725,65.24535,65.39659,62.4382,68.62739,68.98846999999999,69.66906,70.01257,70.31195
134,LIC,Low income,,,,,,,,,,,,,,,,33.64459,34.33822,35.00008,35.42972,36.10582,36.504509999999996,36.82678,37.16626,37.87506,38.249309999999994,38.79394,39.65762,40.125209999999996,40.7503,41.406259999999996,42.40275,41.79457,42.54267,44.12575,43.59945,43.31315,44.76757,43.78805,45.10535,45.47772,48.0812,49.42481,49.8719,50.92416,51.62578,52.815,,,,,,,,,,,,,,,,54.09036,54.50948,55.12061,55.89743000000001,56.52401,56.96154,57.032090000000004,57.41972,57.67774,58.199909999999996,58.387240000000006,58.612559999999995,59.205130000000004,59.83008,60.285140000000006,60.3335,60.620709999999995,61.95553,62.41863000000001,64.52388,63.22988,63.2455,63.98135,63.316019999999995,64.55234,64.41153,65.89845,66.89053,67.13746,67.94153,68.16726,68.61601999999999
135,LIE,Liechtenstein,,,,,,,,,,,,,,,,,,,,,,,,,,,,,,,,,,,,,,,,,,,,,,,,,,,,,,,,,,,,,,,,,,,,,,,,,,,,,,,,,,,,,,,,,,,,,
136,LKA,Sri Lanka,,,,,,,,,,,82.02197266,,,,,,,,,,,,,,,,,,,,89.13575745,,,,,89.09134674,,89.07347107,,89.9586792,,,,,,,,,,,,,,,,,,91.3483963,,,,,,,,,,,,,,,,,,,,92.27020264,,,,,92.71365356,,92.243927,,92.57846832,,,,,,
137,LMC,Lower middle income,,,,,38.3686,38.56048,39.134679999999996,39.74498,40.42434,40.30433,41.30592,42.19894,42.77766,43.41446,44.05687,44.64209,45.604820000000004,45.83775,46.63426,47.48337,48.23217,49.01935,49.7301,50.598440000000004,51.437470000000005,52.34516,53.13511,56.10293000000001,56.92686,57.19214,57.84479,58.86121,59.71828000000001,60.56145,59.21756,60.90748000000001,61.14366999999999,62.192530000000005,62.95644,65.11896999999999,65.12375,66.86439,67.47874,68.48568,69.03838,69.75456,,,,,,61.06534,61.16721,61.622069999999994,62.06052,62.485530000000004,62.42481,62.880919999999996,63.637480000000004,63.956140000000005,64.35883000000001,64.76439,65.1888,65.97245,66.93902,67.43278000000001,67.89049,68.1066,69.1844,69.94081,70.49091999999999,71.01003,71.57621,72.08142,75.3746,75.84758000000001,76.01345,76.333,77.00399999999999,77.82165,78.37285,78.54821,78.27702,78.34318,79.18634,79.74535,80.14286,79.28237,81.40401999999999,81.68749,82.1138,82.49906,82.82063000000001
138,LMY,Low & middle income,,,,,48.63857,48.77722,49.07162,49.85362,50.64089,51.1443,52.103590000000004,52.82771999999999,53.83603000000001,54.75583,55.57055,56.35118000000001,57.248369999999994,59.70613,60.416109999999996,60.93776,61.900830000000006,62.51611,63.097519999999996,63.74548000000001,64.38266999999999,65.06699,68.56548000000001,70.05374,70.59408,70.91658000000001,71.3996,71.89431,72.60745,73.31212,72.84083000000001,73.6121,74.38224,74.84775,75.41496,76.36872,76.6877,77.56643000000001,77.81056,78.37605,78.7228,79.15443,,,,,,69.97244,70.05868000000001,70.32915,70.85461,71.36458,71.66498,72.2034,72.7167,73.33008000000001,73.85965999999999,74.34391,74.80609,75.4293,77.03989,77.45098,77.55131999999999,78.08825999999999,78.70495,79.16371,79.54117,79.88158,80.23808000000001,81.74969,83.28804000000001,83.57401,83.75107,83.94294000000001,84.33527,84.90732,85.40078000000001,85.46604,85.35124,85.64086,85.9993,86.27795,86.39964,86.15664,87.17219,87.27565,87.52762,87.72555,87.89756
139,LSO,Lesotho,,,,,,,,,,,,,,,,,,,,,,,,,,,,,,92.04644775,,,,,,,,,84.96395874,,,,,84.93489075,,,,,,,,,,,,,,,,,,,,,,,,,,,,,,,,,79.99578094,,,,,,,,,65.5219574,,,,,67.74746704,,
140,LTE,Late-demographic dividend,,,,,,60.690740000000005,60.69124,61.66271,62.69351999999999,63.654990000000005,64.61236,65.18344,66.55722,67.52320999999999,68.47634000000001,69.34102,70.25383000000001,75.00287,75.75755,75.70725999999999,77.10545,77.68412,78.25003000000001,78.79361999999999,79.34186,79.9315,86.77504,87.26265,87.68394,88.09215,88.47409,88.89383000000001,89.40001,89.95209,90.39409,90.69235,92.09421,92.40833,92.82019,92.86650999999999,93.53047,93.75399999999999,93.82494,94.06224,94.29306,94.50538,,,,,,,80.85377,80.85794,81.44693000000001,82.0319,82.57326,83.14703,83.40146,84.23569,84.76125,85.26983,85.77493,86.24038,88.58367,88.90687,88.50232,89.53062,89.82001,90.10094000000001,90.36376,90.64832,90.92738,93.73949,93.93656,94.12221,94.3752,94.51895999999999,94.71555,94.98441,95.24778,95.46094000000001,95.59251,96.17421,96.3082,96.45052,96.44185,96.78216,96.91039,96.96269000000001,97.03716999999999,97.17549,97.26809
141,LTU,Lithuania,,,,,,,,,,,,,,,,,,,97.78159332,,,,,,,,,,,,99.64794159,,,,,,,,,,99.83323669,,,,,,,,,,,,,,,,,,,,,,,,,99.20681,,,,,,,,,,,,99.64315033,,,,,,,,,,99.79418945,,,,,
142,LUX,Luxembourg,,,,,,,,,,,,,,,,,,,,,,,,,,,,,,,,,,,,,,,,,,,,,,,,,,,,,,,,,,,,,,,,,,,,,,,,,,,,,,,,,,,,,,,,,,,,,
143,LVA,Latvia,,,,,,,,,,,,,,,,,,,99.188797,,,,,,,,,,,99.70973206,,,,,,,,,,,99.90792084,,,,,,,,,,,,,,,,,,,,,,,,,99.7543335,,,,,,,,,,,99.79334259,,,,,,,,,,,99.88110352,,,,,
144,MAC,"Macao SAR, China",,,,,,,,,,,86.21588135,,,,,,,,,,,,,,,,,,,,87.77497101,,,,,90.72358704,,,,,93.73191071,,,,,95.03256989,,,,,,,,,,,,92.80967712,,,,,,,,,,,,,,,,,,,,95.27620697,,,,,96.46999359,,,,,97.75128937,,,,,98.18592072
145,MAF,St. Martin (French part),,,,,,,,,,,,,,,,,,,,,,,,,,,,,,,,,,,,,,,,,,,,,,,,,,,,,,,,,,,,,,,,,,,,,,,,,,,,,,,,,,,,,,,,,,,,,
146,MAR,Morocco,,,,,,,,,,,,17.51486969,,,,,,,,,,,,28.72542,,,,,,,,,,39.61956024,,,,42.58784866,43.92108154,,57.63999176,59.13063812,,,,,,,,,,,,,,,,,43.7143898,,,,,,,,,,,,55.15517044,,,,,,,,,,65.70675659,,,,68.36585999,68.9176178,,76.07357788,80.38336182,,,,
147,MCO,Monaco,,,,,,,,,,,,,,,,,,,,,,,,,,,,,,,,,,,,,,,,,,,,,,,,,,,,,,,,,,,,,,,,,,,,,,,,,,,,,,,,,,,,,,,,,,,,,
148,MDA,Moldova,,,,,,,,,,,,,,,,,,,94.4444809,,,,,,,,,,,95.49230194,,,,,,,,,,,,98.92424774,,,,,,,,,,,,,,,,,,,,,,,,98.61405182,,,,,,,,,,,97.97762299,,,,,,,,,,,,99.37358856,,,,
149,MDG,Madagascar,,,,,,,,,,,,,,,,,,,,,,,,,,,,,,65.27857208,,,,,,,,,61.64141083,,,68.28330231,,,,,,,,,,,,,,,,,,,,,,,,,,,,,,,,,,,76.53832245,,,,,,,,,67.41731262,,,75.02886963,,,,
150,MDV,Maldives,,,,,,,82.17816162,,,,,,,,92.35900879,,,,,96.14601135,,,,,96.44297791,,,,,,,,,,,98.42984772,,,,,,,,98.69167328,,,,,,,,,,82.40484619,,,,,,,,92.11401367,,,,,95.89713287,,,,,96.21227264,,,,,,,,,,,98.36569214,,,,,,,,98.52033997,,
151,MEA,Middle East & North Africa,,,28.35125,28.85908,29.40482,30.179920000000003,30.573940000000004,31.296540000000004,32.07718,32.9006,33.746990000000004,34.71348,35.78707,36.93264,37.98814,39.28273,40.18607,41.44273,42.68441,45.483709999999995,46.95148,48.13975,48.689679999999996,49.99348,51.85738,53.70895,54.695969999999996,56.1491,57.5111,58.83347,60.12303000000001,60.625240000000005,63.81289,65.08784,59.351580000000006,65.90191,66.47235,67.28407,67.49821999999999,68.6362,69.41557,69.92336,70.53463,71.02756,72.05870999999999,72.59493,,,,56.92514,57.393280000000004,57.88595,58.13945,58.91628000000001,59.53151,60.15128000000001,60.83993,61.49106999999999,62.1532,62.55605,63.381209999999996,64.26859,65.06845,65.78013,66.751,67.61,69.70118000000001,70.62278,71.46211,72.60458,73.2277,74.31806999999999,75.21122,76.09548000000001,77.09241,77.89806999999999,78.60643,79.55561,79.89984,83.21965,83.76425,84.03289000000001,82.36864,82.98722,83.41441,83.03248,83.54239,84.19503,84.76073000000001,85.13708000000001,85.42232,85.90323000000001,86.16719
152,MEX,Mexico,,,,,,,,,,79.89099884,,,,,,,,,,84.95590973,,,,,,,,,,88.68203735,,88.72863007,,89.63101959,90.21041107,89.8345108,91.35555267,91.45361328,92.11624908,91.85341644,92.33827972,93.17923737,92.90393829,93.59133911,93.48549652,,,,,,,,,,,,86.24265289,,,,,,,,,,90.34739685,,,,,,,,,,92.55937195,,91.99780273,,92.44960785,93.19040679999999,93.90119934,94.44151306,94.59216309,94.91657257,94.38394165,94.78276825,95.39163208,95.11210632,95.62046814,95.54933167,
153,MHL,Marshall Islands,,,,,,,,,,,,,,,,,,,,,,,,,,,,,,,,,,,,,,,,,98.20298004,,,,,,,,,,,,,,,,,,,,,,,,,,,,,,,,,,,,,,,,,,,,,,,98.3250885,,,,,
154,MIC,Middle income,,,,,50.04313,50.17427,50.472159999999995,51.28922,52.11051,52.62165,53.60915,54.346140000000005,55.38896,56.32708,57.153909999999996,57.950469999999996,58.86362,61.452819999999996,62.189919999999994,62.69855,63.71229,64.35988,64.97126999999999,65.6293,66.30218,67.00516999999999,70.71172,72.29255,72.84361,73.15744000000001,73.61655,74.21225,74.94067,75.59703,75.15302,76.03325,76.7763,77.39076,77.93128,78.97214,79.13664,80.01646,80.28631999999999,80.85309000000001,81.21275,81.61848,,,,,,71.36052,71.42808000000001,71.68755,72.21897,72.73959,73.02074,73.55668,74.06432,74.67998,75.20506999999999,75.68299,76.14584,76.77018000000001,78.43871,78.84066999999999,78.92195,79.50053,80.14432,80.62959000000001,81.01133,81.37769,81.75154,83.33861,84.95446,85.24168,85.44129000000001,85.63968,85.97738000000001,86.57236,86.96146,87.14582,87.03913,87.31357,87.77285,88.00007,88.16920999999999,87.81343000000001,88.86035,88.9834,89.22049,89.44856,89.62819
155,MKD,"Macedonia, FYR",,,,,,,,,,,,,,,,,,,,,,,,90.92801666,,,,,,,,94.05606842,,,,,,,,,,,,,,,,,,,,,,,,,,,,,,,,,,,,,,,97.23235321,,,,,,,,98.21278381,,,,,,,,,,,,,,
156,MLI,Mali,,,,,,5.735280037000001,,,,,,,,,,,,,,,,,,,,,,11.89342976,,,,,15.89999962,,,18.19091034,,,,20.28792953,24.63678932,,,,22.19581032,,,,,,,,13.51292038,,,,,,,,,,,,,,,,,,,,,,26.73296928,,,,,32.70000076,,,34.85789108,,,,43.40063095,43.27391815,,,,45.06592178,
157,MLT,Malta,,,,,,,,,,,,,,,87.28613281,,,,,,,,,,89.24263763,,,,,,,,,,93.50424957,,,,,,94.79003906,,,,,,,,,,,,,,,,,,,,,86.55354309,,,,,,,,,,86.43028259,,,,,,,,,,91.18657684,,,,,,91.79264832,,,,,
158,MMR,Myanmar,,,,,,,,,,,,,71.63086700000001,,,,,,,,,,,,,,,,,86.41517639,,,,,,,,,,,,,,,,71.84699249,,,,,,,,,,,,,,85.78836059999999,,,,,,,,,,,,,,,,,93.924263,,,,,,,,,,,,,,,,80.01158905
159,MNA,Middle East & North Africa (excluding high income),,24.74858,25.25035,25.766460000000002,26.32668,27.145190000000003,27.54314,28.305590000000002,29.111359999999998,29.993879999999997,30.891709999999996,31.8618,33.0165,34.21685,35.34168,36.73041,37.687129999999996,38.937940000000005,40.18002,43.13912,44.63309,45.80018,46.36602,47.691990000000004,49.64693,51.5714,52.53989,53.986580000000004,55.373630000000006,56.68733,58.03631,58.41771,61.76956,63.022940000000006,56.547019999999996,63.73445,64.23496999999999,64.97183000000001,65.08830999999999,66.22887,66.4356,66.92492,67.47927,67.98761999999999,69.13416,69.68806,,53.6417,54.112759999999994,54.58375,55.05153000000001,55.55068000000001,55.767309999999995,56.56742,57.1932,57.825509999999994,58.54459,59.211130000000004,59.803709999999995,60.2022,61.05655,62.014590000000005,62.87681,63.64216,64.6181,65.47651,67.76341,68.70348,69.6602,70.84915,71.48156,72.65972,73.57715999999999,74.48557,75.44725,76.27662,77.04488,77.99455,78.2132,82.21813,82.76783,82.97904,80.87986,81.45655,81.79486999999999,81.19811,81.68323000000001,81.83055999999999,82.4351,82.7646,83.04484000000001,83.56031,83.8561
160,MNE,Montenegro,,,,,,,,,,,83.23545837,,,,,,,,,,97.77604675,,,,,,,,,,,,96.31887054,,,,,,,,97.50051117,,,,,,,,,,,,,,,,,96.32053375,,,,,,,,,,89.28208923,,,,,,,,,,,,99.30319214,,,,,,,,99.43121338,,,,,
161,MNG,Mongolia,,,,,,,,,,,,,,,,,,,,,,,,,,,,,,97.52880096,,,,,,,,,,98.33663177,,,,,,,,,,,,,,,,,,,,,,,,,,,,,,,,,,,,,98.01677704,,,,,,,,,,98.17469788,,,,,,
162,MNP,Northern Mariana Islands,,,,,,,,,,,,,,,,,,,,,,,,,,,,,,,,,,,,,,,,,,,,,,,,,,,,,,,,,,,,,,,,,,,,,,,,,,,,,,,,,,,,,,,,,,,,,
163,MOZ,Mozambique,,,,,,,,,,12.09652996,,,,,,,,,,,,,,,,,24.96419907,,,,,,33.19395828,,,,,,36.45227814,,,,,,,,,,,,,,,,,,43.77833176,,,,,,,,,,,,,,,,,54.81887817,,,,,,65.57710266,,,,,,67.35469818,,,,,,,
164,MRT,Mauritania,,,,,,,,,,,,,,,,,,,,,,,,,,,,,,43.4173584,,,,,,,35.34843063,,,,,,,,,,,,,,,,,,,,,,,,,,,,,,,,,,,,,,,,59.54032898,,,,,,,57.4043808,,,,,,,,,
165,MUS,Mauritius,,,,,,,,,,,,,,,,,,,,74.66088867,,,,,,,,,,80.50003052,,,,,,,,,,,86.65807343,88.97934723,89.05094147,90.28331757,90.65402222,,,,,,,,,,,,,,,,,,,,,,85.14575195,,,,,,,,,,88.2278595,,,,,,,,,,,91.95172119,94.65241241,94.03688812,94.76538086,94.86116791,
166,MWI,Malawi,,,,,,,,,,,,,,,,,33.5230217,,,,,,,,,,,53.9971199,,,,,,,,,,,,51.25196838,,,,55.13098907,55.20410919,,,,,,,,,,,,,,,,,,,65.27950287,,,,,,,,,,,74.92640686,,,,,,,,,,,,72.09764862,,,,75.97926331,69.75396729,
167,MYS,Malaysia,,,,,,,,,,61.24850082,,,,,,,,,,,77.28308868,,,,,,,,,85.35421753,,,,,,,,,,90.74768066,,,,,,,,,,,,,,,,,78.14633179,,,,,,,,,,,88.56298828,,,,,,,,,91.96923828,,,,,,,,,,95.43374634,,,,,,
168,NAC,North America,,,,,,,,,,,,,,,,,,,,,,,,,,,,,,,,,,,,,,,,,,,,,,,,,,,,,,,,,,,,,,,,,,,,,,,,,,,,,,,,,,,,,,,,,,,,,
169,NAM,Namibia,,,,,,,,,,,,,,,,,,,,,73.98660278,,,,,,,,,,83.54032135,,,,,,78.35098267,,,,87.95105743,,,,,,,,,,,,,,,,,,,,,,,,,,,77.80812073,,,,,,,,,,86.55522919,,,,,,74.32834625,,,,88.63123322,,,,,
170,NCL,New Caledonia,,,,,,,,,,,,,,,,,,,,,,,,,,,,,,,,,,,,,,,,,,,,,,,,,,,,,,,,,,,,,,,,,,,,,,,,,,,,,,,,,,,,,,,,,,,,,
171,NER,Niger,,,,,,,,,,,,,,,,,,,,,,,,,,,,,,,9.399350166,,,,15.08413982,,,,,,,8.939740181,,,,,,,,,,,,,,,,,,,,,,,,,,,,,,,,,,,,19.64006042,,,,42.92736816,,,,,,,23.24747086,,,,
172,NGA,Nigeria,,,,,,,,,,,,,,,,,,,,,43.72919846,,,,,,,,,,,,43.32204819,,,,,41.38676071,,,,,,,,,,,,,,,,,,,,,,,,,,,,,,67.65373993,,,,,,,,,,,,66.76743317,,,,,61.25405121,,,,,,,,
173,NIC,Nicaragua,,,,,,,,,,,,,,,,,,,,,,,,,,,,,,,76.60166168,,,,77.91603851,,,,,,,,,,,,,,,,,,,,,,,,,,,,,,,,,,,,,,,,,,,76.76049042,,,,78.09642792,,,,,,,,,,,
174,NLD,Netherlands,,,,,,,,,,,,,,,,,,,,,,,,,,,,,,,,,,,,,,,,,,,,,,,,,,,,,,,,,,,,,,,,,,,,,,,,,,,,,,,,,,,,,,,,,,,,,
175,NOR,Norway,,,,,,,,,,,,,,,,,,,,,,,,,,,,,,,,,,,,,,,,,,,,,,,,,,,,,,,,,,,,,,,,,,,,,,,,,,,,,,,,,,,,,,,,,,,,,
176,NPL,Nepal,,,,,,,,,,,9.153120041000001,,,,,,,,,,17.38179016,,,,,,,,,,34.88676071,,,,,,,,,,48.83758926,,,,,,,,,,,,,,,,,31.67275047,,,,,,,,,,49.22002029,,,,,,,,,,62.70801163,,,,,,,,,,71.70838165,,,,,
177,NRU,Nauru,,,,,,,,,,,,,,,,,,,,,,,,,,,,,,,,,,,,,,,,,,,,,,,,,,,,,,,,,,,,,,,,,,,,,,,,,,,,,,,,,,,,,,,,,,,,,
178,NZL,New Zealand,,,,,,,,,,,,,,,,,,,,,,,,,,,,,,,,,,,,,,,,,,,,,,,,,,,,,,,,,,,,,,,,,,,,,,,,,,,,,,,,,,,,,,,,,,,,,
179,OED,OECD members,,,,,,,,,,,,,,,,,,,,,,,,,,,,,,,,,,,,,,,,,,,,,,,,,,,,,,,,,,,,,,,,,,,,,,,,,,,,,,,,,,,,,,,,,,,,,
180,OMN,Oman,,,,,,,,,,,,,,,,,,,,,,,,,,,,,,,,,73.53170776,,,,,80.87226105,,81.80323029,,,,88.92669678,86.03720856,,,,,,,,,,,,,,,,,,,,,,,,,,,,,,,,,,,86.86234283,,,,,89.99932098,,90.24302673,,,,94.99073792,96.63287354,
181,OSS,Other small states,,,,,,,,,,,,,67.48881,67.62694,67.74221,67.99575,68.35162,69.2,69.67257,70.2139,70.66909,71.10342,71.78201999999999,71.85899,72.25851,72.91955,73.51969,74.30502,74.9229,74.97278,75.47278,76.25575,76.96826999999999,77.41529,77.98176,77.72601999999999,76.91753,78.13259000000001,77.39334000000001,77.70100000000001,78.29329,78.83495,79.30636,79.67104,80.15194,80.44206,,,,,,,,,,,,,,75.12066999999999,75.3046,75.46868,75.68096,76.00025,76.0409,76.45912,76.81727,77.09095,77.5743,78.04293,78.24491,78.59559,79.16604,79.67777,80.53204000000001,80.98119,81.21358000000001,81.89249000000001,82.54983,83.04297,83.38147,83.83045,83.12021,82.29422,83.42676,82.99718,84.00754,84.38786,84.76209,85.16873000000001,85.32737,85.67309,85.78945
182,PAK,Pakistan,,,,,,,,,,,14.77155018,,,,,,,,,,,,,,,,,29.04384041,,,,,,,35.36751938,39.61323166,,40.08118057,40.31462097,41.01552963,41.97539139,43.07189178,41.97494125,44.28342056,,,,,,,,,,,,,,35.38064957,,,,,,,,,,,,,,,,,55.29661179,,,,,,,64.06047821,67.65184021,,68.8660965,68.62761688,68.90061188,66.99114227,69.85822296,68.62934113,69.06681061,,
183,PAN,Panama,,,,,,,,,,88.04653168,,,,,,,,,,88.21485138,,,,,,,,,,91.24717712,,,,,,,,,,93.48526001,,,,,,,,,,,,,,,,,88.09651947,,,,,,,,,,89.33695984,,,,,,,,,,92.54792786,,,,,,,,,,94.70741272,,,,,,
184,PER,Peru,,,,,,,,,,,73.85833740000001,,,,,,,,,,,,81.65875244,,,,,,,,,,,82.06262207,82.45436859,83.45487213,84.6468811,,,,,90.66883087,,90.44918059999999,91.24652863,91.18852997,,,,,,,,,,,,90.14353179999999,,,,,,,,,,,,92.85101318,,,,,,,,,,,93.46070099,93.7183075,94.22582245,94.85703278,,,,,96.95012665,,96.94898224,97.10637665,97.1884613
185,PHL,Philippines,,,,,,,,,,82.76215363,,,,,,,,,,93.18071747,,,,94.53865051,,,,,,92.65490723,,,93.56452942,,,,,95.82563019,,,,,96.78736115,,,,,,,,,,,,,,83.88928986,,,,,,,,,,93.97168732,,,,93.30285645,,,,,,92.54499817,,,91.63449097,,,,,95.01213074,,,,,96.00833893,,,
186,PLW,Palau,,,,,,,,,,90.50324249,,,,,,,,,,,,,,,,,,,,,,,,,,,,,,,,,99.52793884,,96.34014893,,,,,,,,,,,,93.28737640000001,,,,,,,,,,,,,,,,,,,,,,,,,,,,,,,,,99.46720886,,96.81275177,
187,PNG,Papua New Guinea,,,,,,,,,,,,,,,,,,,,,,,,,,,,,,50.91773987,,,,,,,,,,,,,,,,,,,,,,,,,,,,,,,,,,,,,,,,,,,,,,,63.44522095,,,,,,,,,,,,,,,,
188,POL,Poland,,,,,,,,98.25198364,,,,,,,,,,,,,,,,,,,,,,,,,,,,,,,,,,,,,,,,,,,,,,,99.27516937,,,,,,,,,,,,,,,,,,,,,,,,,,,,,,,,,,,,,,
189,PRE,Pre-demographic dividend,,,,,,,,,,,,,,,,35.9312,36.77836,37.5812,38.30818,39.13431,40.15267,40.10763,40.79485,41.50478,42.10739,43.02245,44.18038,44.86806,45.84693,44.059779999999996,45.038990000000005,45.81603,46.58985,47.63035,47.29367,46.685959999999994,45.67542,45.174170000000004,44.81046,45.4385,47.677609999999994,48.898740000000004,49.26272,50.36524,51.1518,52.253609999999995,,,,,,,,,,,,,,,,,61.31541,62.005269999999996,62.4745,63.14249,63.648990000000005,63.70001,64.27574,64.70485,65.13388,65.24325,65.6886,66.40674,67.08125,67.90235,66.65674,67.398,67.89625,67.86568,69.2147,68.5822,67.65671999999999,66.0051,65.00284,64.87257,65.01272,66.28865,67.33391999999999,67.56871,68.26436,68.58548,69.04109
190,PRI,Puerto Rico,,,,,,,,,,85.8503418,,,,,,,,,,89.73095703,,,,,,,,,,,,,,,,,,,,92.53015137,,,,,,,,,,,,,,,,,87.74803162,,,,,,,,,,89.50269318,,,,,,,,,,,,,,,,,,,,91.33078003,,,,,,
191,PRK,"Korea, Dem. Peoples Rep.",,,,,,,,,,,,,,,,,,,,,,,,,,,,,,,,,,,,,,99.997612,,,,,,,,,,,,,,,,,,,,,,,,,,,,,,,,,,,,,,,,,,,,,,,99.99887848,,,,,,,,
192,PRT,Portugal,,,,,,,,,,,74.60798645,,,,,,,,,,84.65821075,,,,,,,,,,,,,,,,,,,,92.86077118,,,,,,,,,,,,,,,,,84.83334351,,,,,,,,,,91.58705902,,,,,,,,,,,,,,,,,,,,96.2855835,,,,,
193,PRY,Paraguay,,,,,,,,,,,,75.85298157,,,,,,,,,,88.55870819,,,,,,,,,,,,,,,93.45326996,92.49443054,93.14401245,92.92574309999999,,,,93.73455048,94.34246063,,,,,,,,,,,,,,81.08306885,,,,,,,,,,92.00015259,,,,,,,,,,,,,,,95.71237946,94.12631989,94.36772919,94.8131485,,,,95.54605865,95.84587859999999,
194,PSE,West Bank and Gaza,,,,,,,,,,,,,,,,,,,,,,,,,,,79.72662354,,,,,,,87.95173645,,89.75700378,90.46517944,90.09906006,91.70452881,92.17279816,92.61618042,93.56537628,94.126091,94.40728759999999,94.85376740000001,95.20790863,,,,,,,,,,,,,,,,,,,,,,,,,,,,92.24350739,,,,,,,96.54279327,,97.07988739,97.23721313,94.88419342,97.43125153,97.62902069,97.85700226,98.19180298,98.39109039,98.40231323,98.48090363,98.60784149
195,PSS,Pacific island small states,,,,,,,,,,,,,,,,,,,,,,,,,,,,,,,,,,,,,,,,,,,,,,,,,,,,,,,,,,,,,,,,,,,,,,,,,,,,,,,,,,,,,,,,,,,,,
196,PST,Post-demographic dividend,,,,,,,,,,,,,,,,,,,,,,,,,,,,,,,,,,,,,,,,,,,,,,,,,,,,,,,,,,,,,,,,,,,,,,,,,,,,,,,,,,,,,,,,,,,,,
197,PYF,French Polynesia,,,,,,,,,,,,,,,,,,,,,,,,,,,,,,,,,,,,,,,,,,,,,,,,,,,,,,,,,,,,,,,,,,,,,,,,,,,,,,,,,,,,,,,,,,,,,
198,QAT,Qatar,,,,,,,,,,,,,,,,72.45894623,,,,,,,,,,,80.88867950000001,,,,,,,88.60922241,,,90.43611908,92.66381836,92.91017914,95.4018631,95.56330109,95.77407837,97.07314301,97.55827332,,,,,,,,,,,,,,,,,,,76.79582977,,,,,,,,,,,84.24456024,,,,,,,89.10427094,,,93.80682373,94.29060364,95.1157074,96.51165771,96.6258316,96.92076874,97.58470917,97.79370117,,
199,ROU,Romania,,,,,,,,,,,,,,,,,,,,,,94.98268890000001,,,,,,,,,,96.26631927,,,,,,,,,98.20520782,,,,,,,,,,,,,,,,,,,,,,,,,,,,98.53202057,,,,,,,,,,98.40440369,,,,,,,,,99.0342865,,,,,
200,RUS,Russian Federation,,,,,,,,,,,,,,,,,,,96.75817108,,,,,,,,,,,,,99.22836304,,,,,,,,99.64778137,,,,,,,,,,,,,,,,,,,,,,,,,,99.45623779,,,,,,,,,,,,,99.69407654,,,,,,,,99.72830963,,,,,,
201,RWA,Rwanda,,,,,,,,26.57357979,,,,,,,,,,,,,,,,,,,,,,59.75033951,,,,,,,,,,61.54861069,,64.66448975,,,,,,,,,,,,,50.82326126,,,,,,,,,,,,,,,,,,,,,,71.41938019,,,,,,,,,,71.13053894,,72.4451828,,,,
202,SAS,South Asia,,,,,21.37957,21.38792,22.12109,22.869410000000002,23.62435,24.36833,24.63279,25.86056,26.652479999999997,27.454459999999997,28.267540000000004,29.089840000000002,29.92373,29.91,30.82191,31.7251,32.41874,33.5174,34.43905,35.37538,36.33735,37.31982,38.31123,42.90165,43.91794,44.9537,45.73594,47.00509,47.881840000000004,48.91672,48.108470000000004,49.36353,50.06605,51.53188,52.55712,55.600680000000004,56.111290000000004,58.579240000000006,59.34724,60.44465,61.19333,62.21454,,,,,,49.91473,49.93107,50.51915,51.0788,51.5882,52.10586,51.97032,53.10013000000001,53.62144,54.13225,54.63541,55.121430000000004,55.602880000000006,57.06626,57.67726,58.25473,58.32356,59.843219999999995,60.8845,61.51701,62.15671,62.79161,63.42505,68.59303,69.1217,69.66033,69.85132,70.70478,71.61216999999999,72.14416,72.50458,72.57479000000001,73.13418,74.58847,75.11146,75.55273000000001,74.47033,77.60621,77.94999,78.45169,78.92654,79.36755
203,SAU,Saudi Arabia,,,,,,,,,,,,,,,,,,,,,,57.27783966,,,,,,,,69.29119109999999,,,,76.3351593,,,,,,,,,91.36924744,,,,,,,,,,,,,,,,,,,,,,,,,,79.96852875,,,,,,,,87.06076813,,,,87.53204346,,,,,,,,,96.53143311,,,
204,SDN,Sudan,,,,,,,,,,,,,,,,,,,,,,,,,,,,,,52.14640045,,,,,,,,46.69963074,,,,,,,,,,,,,,,,,,,,,,,,,,,,,,,,,,,,,,,71.58101654,,,,,,,,59.79824829,,,,,,,,
205,SEN,Senegal,,,,,,,,,,,,,,,,,,17.86326981,,,,,,,,,,,,,,29.24733925,,,,32.98757935,,,38.66624832,,40.42491913,,33.59659958,,,,,,,,,,,,,,,,,,,,,,36.90288162,,,,,,,,,,,,,,51.05152893,,,,52.25848007,,,61.80952072,,66.34153748,,52.80447006,,,
206,SGP,Singapore,,,,,,,,,,73.96853638,,,,,,,,,,83.02684784,,,,,,,,,,88.64517975,,,,,,,,,,93.77481079,94.06839752,94.35958862,94.64199066,94.91132355,95.19065094,95.44789124,,,,,,,,,,,91.56623077,,,,,,,,,,95.09316254,,,,,,,,,,96.56510162,,,,,,,,,,98.03713989,98.39283752,98.46945953,98.5425415,98.60894775,98.55957031,98.73452759
207,SLB,Solomon Islands,,,,,,,,,,,,,,,,,,,,,,,,,,,,,69.0,,,,,,,,,,,,,,,,,,,,,,,,,,,,,,,,,,,,,,,,,,,,,,,83.69999695,,,,,,,,,,,,,,,,,
208,SLE,Sierra Leone,,,,,,,,,,,,,,,,,,,,,,,,,,,,,,,,,,24.15892982,,,,,,,,,24.85667992,,,,,,,,,,,,,,,,,,,,,,,,,,,,,,,,,,,,,,46.65428925,,,,,,,,,41.33216858,,,
209,SLV,El Salvador,,,,,,,,,,,,,,,,,,,,,,71.28053284,,,,,,,,,,,,,,81.00382233,79.66213226,81.35949707,81.81794739,82.30802155,83.01564026,,84.67034912,,86.21710205,,,,,,,,,,,,,,,,,,,,,,,,77.37241364,,,,,,,,,,,,,,86.69534302,84.86406708,87.05467987,86.82521057,87.09970093,88.39164734,,89.23500824,,90.00994109999999,
210,SMR,San Marino,,,,,,,,,,,,,,,,,,,,,,,,,,,,,,,,,,,,,,,,,,,,,,,,,,,,,,,,,,,,,,,,,,,,,,,,,,,,,,,,,,,,,,,,,,,,,
211,SOM,Somalia,,,,,,,,,,,,,,,,,,,,,,,,,,,,,,,,,,,,,,,,,,,,,,,,,,,,,,,,,,,,,,,,,,,,,,,,,,,,,,,,,,,,,,,,,,,,,
212,SRB,Serbia,,,,,,,,,,,,,,,,,,,,,,,,,,,,,,,,,,,,,,,,,96.74910736,,,,,98.22827911,,,,,,,,,,,,,,,,,,,,,,,,,,,,,,,,,,,,,,,,,,99.26464081,,,,,99.49970245
213,SSA,Sub-Saharan Africa (excluding high income),,,,,,,,,,,,,,37.948029999999996,38.39591,38.83855,39.58177,40.291909999999994,40.84389,41.68029,42.453759999999996,42.69533,43.3929,44.2911,44.800290000000004,45.62216,46.7442,47.437059999999995,48.3581,46.979859999999995,47.95364,47.99757,48.73733,50.28113,49.55488,49.17476,49.19999,48.900090000000006,50.07008,50.66345,52.60921,53.80806,54.354519999999994,55.31425,56.098040000000005,57.10426999999999,,,,,,,,,,,,,,,60.33079,60.675019999999996,60.95425,61.518409999999996,61.906909999999996,62.43705,62.94934,63.00725,63.64395,64.0905,64.67947,64.7188,65.1119,65.74909,66.33765,67.0286,65.96605,66.67286999999999,67.72969,67.8232,69.94351,68.66889,68.08821999999999,67.16225,66.46556,67.74901,67.92778,69.09584,70.05743000000001,70.39805,70.96405,71.28206999999999,71.72323
214,SSD,South Sudan,,,,,,,,,,,,,,,,,,,,,,,,,,,,,,,,,,,,,,19.18638039,,,,,,,,,,,,,,,,,,,,,,,,,,,,,,,,,,,,,,,,,,,,,,,34.83692932,,,,,,,,
215,SSF,Sub-Saharan Africa,,,,,,,,,,,,,,37.95644,38.40424,38.8467,39.589659999999995,40.2996,40.85139,41.68775,42.46119,42.702740000000006,43.400259999999996,44.2983,44.807520000000004,45.62927,46.751129999999996,47.44389,48.3648,46.98683,47.96056,48.004529999999995,48.74429,50.28788,49.56174,49.18161,49.20675,48.90676,50.07649,50.66965,52.615069999999996,53.813669999999995,54.35997,55.319480000000006,56.103080000000006,57.10909,,,,,,,,,,,,,,,60.33471,60.67896,60.958169999999996,61.52219,61.910680000000006,62.44073,62.953,63.011030000000005,63.64768,64.09425999999999,64.68314000000001,64.72261999999999,65.11569,65.75281,66.3413,67.03217,65.96988,66.67669000000001,67.73340999999999,67.82701,69.94705,68.67269,68.09213000000001,67.16631,66.46968000000001,67.75293,67.93162,69.0995,70.0609,70.4014,70.96726,71.28517,71.72621
216,SST,Small states,,,,,,,,,,,,,,,,73.96759,74.16006,74.70644,74.99849,75.37546999999999,75.65486999999999,75.93214,76.38279,76.4199,76.73698,77.23588000000001,77.69129000000001,78.27450999999999,78.63701,78.81144,79.20318,79.78874,80.32085,80.66878,81.09113,80.92453,80.4527,81.33136999999999,80.80872,81.00676,81.40965,81.73062,81.9703,82.22147,82.5705,82.7758,,,,,,,,,,,,,,,,,78.51505999999999,78.73516,78.75036999999999,79.02728,79.25464000000001,79.44261,79.77141,80.09331,80.23144,80.5308,80.98335,81.39425,82.04463,82.28035,82.62692,83.16575999999999,83.68374,84.08315,84.36957,84.73988,84.25843,83.72731999999999,84.57656999999999,84.2791,85.01519,85.29287,85.55726,85.88304000000001,86.00062,86.26635,86.35654
217,STP,Sao Tome and Principe,,,,,,,,,,,42.36338043,,,,,,,,,,61.92047882,,,,,,,,,,77.94922638,,,,,,,60.0830307,,,,85.4417038,,,,,,,,,,,,,,,,73.14115143,,,,,,,,,,85.24964142,,,,,,,,,,92.23467255,,,,,,,80.33023834,,,,94.95616913,,,,
218,SUR,Suriname,,,,,,,,,,,,,,,,,,,,,,,,,,,,,,,,,,87.19744109999999,,,,93.76537323,,94.00354004,,90.99790955,,,,,,,,,,,,,,,,,,,,,,,,,,,,,,,,,,,,,,,92.01632690000001,,,,95.49294281,,95.36479187,,94.86987305,,,,
219,SVK,Slovak Republic,,,,,,,,,,,,,,,,,,,,,,,,,,,,,,,,,,,,,,,,,,,,,,,,,,,,,,,,,,,,,,,,,,,,,,,,,,,,,,,,,,,,,,,,,,,,,
220,SVN,Slovenia,,,,,,,,,,,,,,,,,,,,,99.45375061,,,,,,,,,,,,,,,,,,,,,,,,,,,,,,,,,,,,,,,,,,,,,,,99.60208893,,,,,,,,,,,,,,,,,,,,,,,,,
221,SWE,Sweden,,,,,,,,,,,,,,,,,,,,,,,,,,,,,,,,,,,,,,,,,,,,,,,,,,,,,,,,,,,,,,,,,,,,,,,,,,,,,,,,,,,,,,,,,,,,,
222,SWZ,Eswatini,,,,,,53.6659584,,,,,,,,,,65.2228775,,,,,,,,,,,,,,80.32875061,,,,,,,,,,82.44754791,,,,,,,,,,,,,57.38439178,,,,,,,,,,69.68347168,,,,,,,,,,,,,,83.15461731,,,,,,,,,,83.90014648,,,,,,
223,SXM,Sint Maarten (Dutch part),,,,,,,,,,,,,,,,,,,,,,,,,,,,,,,,,,,,,,,,,,,,,,,,,,,,,,,,,,,,,,,,,,,,,,,,,,,,,,,,,,,,,,,,,,,,,
224,SYC,Seychelles,,,,,,,,,,,,,,,,,85.48930359,,,,,,,88.58660126,,,,,,,,92.25897979999999,,,,,,,,94.44898224,,,,,,,,,,,,,,,,,,,,,,,,82.93166351,,,,,,,87.01515961,,,,,,,,91.40731812,,,,,,,,93.46392059,,,,,,
225,SYR,Syrian Arab Republic,,,,,,,,,,,37.05915833,,,,,,,,,,,,,,,,,,,,,74.24044037,,73.6265564,,,,,,,,,,,,,,,,,,,,,,,,73.58422089,,,,,,,,,,,,,,,,,,,,,91.02857208,,87.75814056,,,,,,,,,,,,
226,TCA,Turks and Caicos Islands,,,,,,,,,,,,,,,,,,,,,,,,,,,,,,,,,,,,,,,,,,,,,,,,,,,,,,,,,,,,,,,,,,,,,,,,,,,,,,,,,,,,,,,,,,,,,
227,TCD,Chad,,,,,,,,,,,,,,,,,,,,,,,4.591829777,,,,,,,12.7964201,,,,17.98057938,,,,,,,,,,,13.93340969,13.95522976,,,,,,,,,,,,,,,,,,,,,,,,18.26059914,,,,,,,40.827060700000004,,,,39.368251799999996,,,,,,,,,,,38.91820145,31.32879066
228,TEA,East Asia & Pacific (IDA & IBRD countries),,,,,,49.61097,49.83885,51.297,52.85481,53.60739,55.793040000000005,56.75676,58.72034,60.14196999999999,61.50082,62.725069999999995,64.25607,70.16565,71.16682,71.10045,72.80749,73.53138,74.23684,74.99528000000001,75.74508,76.4909,84.6834,85.21828000000001,85.70012,86.29043,86.76100000000001,87.30176999999999,87.86361,88.58955,89.08893,89.68561,91.27015,91.63523,92.11264,92.26191,92.14249000000001,92.45501999999999,92.58249,93.11492,93.28288,93.48216,,,,,,,77.04513,77.15483,77.97463,78.79691,79.11391,80.3572,80.76893000000001,81.85524000000001,82.57765,83.2617,83.9355,84.93767,87.78443,88.20669000000001,87.7175,88.91851,89.21964,89.45666999999999,89.7997,90.13573000000001,90.47773000000001,93.73999,93.9601,94.15283000000001,94.52556,94.62745,94.84178,95.0239,95.40208,95.63611,95.89690999999999,96.51146999999999,96.64493,96.78933,96.82352,96.58566,96.72465,96.78383000000001,96.96118,97.05665,97.11802
229,TEC,Europe & Central Asia (IDA & IBRD countries),,,,,,,,,,,,,92.0926,92.88524,93.05863000000001,93.19870999999999,93.36983000000001,93.57008,93.66441999999999,93.89076,94.0386,94.20953,94.37607,94.5408,94.71229,94.96185,95.12095,95.6001,95.69315999999999,95.71030999999999,95.80830999999999,95.92222,96.02293,96.18679,96.41241,96.37210999999999,96.50824,96.58019,97.31875,97.70700000000001,98.03978000000001,98.21441999999999,98.2783,98.31441,98.353,98.46308,,,,,,,,,,,,,,97.48037,97.84378000000001,97.92374000000001,97.9425,97.99319,98.03582,98.08584,98.17539000000001,98.18503,98.23444,98.27927,98.32238000000001,98.36703,98.42728000000001,98.46115,98.5457,98.56049,98.76671,98.80667,98.84019,98.86541,98.90683,99.03439,99.01665,99.04746999999999,99.06134,99.16166,99.30058000000001,99.39929000000001,99.44551,99.46068000000001,99.47438000000001,99.48713000000001,99.51975
230,TGO,Togo,,,,,,,,,,,,,,,,,,,,,,,,,,,,,,38.45328903,,,,,,44.37662888,,,43.60689926,,47.97739029,,,,51.24177933,,,,,,,,,,,,,,,,,,,,,,,,,,,,,,,,68.72573853,,,,,,70.2702713,,,71.16635132,,74.05682373,,,,77.25942993,
231,THA,Thailand,,,,,,,,,,83.89334869,,,,,,,,,,,,,,,,,,,,90.51602173,,,,,91.52957153,,,,,96.42704773,,,92.24916077,,91.19193268,,,,,,,,,,,,92.21295929,,,,,,,,,,,,,,,,,,,,94.90157318,,,,,95.60024261,,,,,96.43502045,,,95.25125885,,94.65911865,
232,TJK,Tajikistan,,,,,,,,,,,,,,,,,,,96.64179993,,,,,,,,,,,99.22122955,,,,,,,,,,,,,,,,,,,,,,,,,,,,,,,,,,,,98.79109192,,,,,,,,,,,99.68399048,,,,,,,,,,,,,,,,
233,TKM,Turkmenistan,,,,,,,,,,,,,,,,,,,,,,,,,98.26177216,,,,,,,,,,,,,,,,,,,,,,,,,,,,,,,,,,,,,,,,,,,,,,,99.32498169,,,,,,,,,,,,,,,,,,,,,
234,TLA,Latin America & the Caribbean (IDA & IBRD countries),,,,75.18451999999999,75.18701999999999,75.63112,76.16588,76.73601,77.26087,77.8302,78.26616,78.78036,79.28035,79.77884,80.26393,80.74899,81.0301,81.65426,82.23124,82.76822,83.38929,84.06959,84.76055,85.37411,86.01644,86.39904,86.72207,87.27821999999999,87.64431,87.90120999999999,87.99946,88.16595,89.01716,88.94311,89.50308000000001,89.28116999999999,89.86585,90.26224,90.43353,90.8161,91.3608,91.70698,91.78572,92.25718,92.6042,92.9154,,,,,81.13014,81.12829,81.37998,81.67835,81.99031,82.26193,82.38213,82.76547,83.02271999999999,83.31130999999999,83.57411,83.82721,84.07485,84.38709,84.77759,85.11991,85.31593000000001,85.94388000000001,86.55445,87.16969,87.79160999999999,88.40817,88.66583,88.96864000000001,89.37708,89.62001,89.69188,89.96495,89.97876,90.76276,90.6096,91.09865,91.13933,91.51916999999999,91.83034,92.06716,92.04087,92.63949000000001,92.80388,92.82053,93.221,93.60256,93.88289
235,TLS,Timor-Leste,,,,,,,,,,,,,,,,,,,,,,,,,,,,,,,30.0,,,,,,42.5,,,52.95899963,,,,,,,,,,,,,,,,,,,,,,,,,,,,,,,,,,,,,,45.29999924,,,,,,58.5,,,63.59178925,,,,,,
236,TMN,Middle East & North Africa (IDA & IBRD countries),,24.343329999999998,24.845879999999998,25.36251,25.9246,26.74823,27.148840000000003,27.91739,28.72962,29.618959999999998,30.52328,31.500040000000002,32.66272,33.87151,35.0044,36.40231,37.365140000000004,38.624520000000004,39.87477,42.85731,44.36077,45.53439,46.09114,47.41492,49.37379,51.30295,52.28736,53.715140000000005,55.10402,56.4203,57.77353000000001,58.13933000000001,61.518159999999995,62.785169999999994,56.23411,63.4836,63.97922,64.72341,64.82106,65.96408000000001,66.1637,66.64299,67.19178000000001,67.69725,68.84664000000001,69.39838,,53.34177,53.816990000000004,54.28989,54.75931,55.26119,55.479330000000004,56.286319999999996,56.91783,57.555719999999994,58.28066999999999,58.9519,59.54811,59.94843,60.808440000000004,61.77324,62.64095,63.41133000000001,64.39412,65.25815,67.56316,68.50917,69.47185999999999,70.66526999999999,71.29737,72.48036,73.40079,74.31868,75.27739,76.11010999999999,76.88208,77.83833,78.03706,82.08,82.63542,82.84549,80.72225999999999,81.30093000000001,81.66368,81.03251999999999,81.51760999999999,81.66098000000001,82.26507,82.59261,82.87261,83.39007,83.68518
237,TON,Tonga,,,,,,99.52552795,,,,,,,,,,,,,,,,,,,,98.97554779,,,,,,,,,,99.0825119,,,,,99.43421936,,,,,,,,,,,,99.65866089,,,,,,,,,,,,,,,,,,,,98.83406067,,,,,,,,,,98.95388031,,,,,99.33509827,,,,,
238,TSA,South Asia (IDA & IBRD),,,,,21.37957,21.38792,22.12109,22.869410000000002,23.62435,24.36833,24.63279,25.86056,26.652479999999997,27.454459999999997,28.267540000000004,29.089840000000002,29.92373,29.91,30.82191,31.7251,32.41874,33.5174,34.43905,35.37538,36.33735,37.31982,38.31123,42.90165,43.91794,44.9537,45.73594,47.00509,47.881840000000004,48.91672,48.108470000000004,49.36353,50.06605,51.53188,52.55712,55.600680000000004,56.111290000000004,58.579240000000006,59.34724,60.44465,61.19333,62.21454,,,,,,49.91473,49.93107,50.51915,51.0788,51.5882,52.10586,51.97032,53.10013000000001,53.62144,54.13225,54.63541,55.121430000000004,55.602880000000006,57.06626,57.67726,58.25473,58.32356,59.843219999999995,60.8845,61.51701,62.15671,62.79161,63.42505,68.59303,69.1217,69.66033,69.85132,70.70478,71.61216999999999,72.14416,72.50458,72.57479000000001,73.13418,74.58847,75.11146,75.55273000000001,74.47033,77.60621,77.94999,78.45169,78.92654,79.36755
239,TSS,Sub-Saharan Africa (IDA & IBRD countries),,,,,,,,,,,,,,37.95644,38.40424,38.8467,39.589659999999995,40.2996,40.85139,41.68775,42.46119,42.702740000000006,43.400259999999996,44.2983,44.807520000000004,45.62927,46.751129999999996,47.44389,48.3648,46.98683,47.96056,48.004529999999995,48.74429,50.28788,49.56174,49.18161,49.20675,48.90676,50.07649,50.66965,52.615069999999996,53.813669999999995,54.35997,55.319480000000006,56.103080000000006,57.10909,,,,,,,,,,,,,,,60.33471,60.67896,60.958169999999996,61.52219,61.910680000000006,62.44073,62.953,63.011030000000005,63.64768,64.09425999999999,64.68314000000001,64.72261999999999,65.11569,65.75281,66.3413,67.03217,65.96988,66.67669000000001,67.73340999999999,67.82701,69.94705,68.67269,68.09213000000001,67.16631,66.46968000000001,67.75293,67.93162,69.0995,70.0609,70.4014,70.96726,71.28517,71.72621
240,TTO,Trinidad and Tobago,,,,,,,,,,93.46417236,,,,,,,,,,95.66178894,,,,,,,,,,,,,,,,,,,,,,,,,,,,,,,,,,,,,96.52153015,,,,,,,,,,98.00980377,,,,,,,,,,,,,,,,,,,,,,,,,,
241,TUN,Tunisia,,,,,,,,,,,,,,35.767570500000005,,,,,,,,,,,,,,,,,,,,65.34786224,,,68.50937653,70.96417999,,71.08821106,71.729599,72.16065216,,72.22377014,,,,,,,,,,,,,,,,,60.40723038,,,,,,,,,,,,,,,,,,,,83.38509369,,,86.05368042,86.37580872,,87.37573242,87.76075745,88.47577667,,86.06011963,,
242,TUR,Turkey,,,,,45.09891891,,,,,49.80641174,,,,,64.23171997,,,,,68.51966095,,,,,,,,,,,,,,79.58168793,80.5489502,80.38516235,81.26383209,,85.34716034,88.07317352,90.31009674,91.60452271,92.13807678,92.40181732,92.64581299,,,,,,,77.50393677,,,,,81.44944,,,,,87.61972046,,,,,89.84703064,,,,,,,,,,,,,,95.27349091,96.00061798,95.99562073,96.20185852,,96.37770844,97.29981232,97.93498993,98.26290131,98.40136719,98.49678802,98.57562256,
243,TUV,Tuvalu,,,,,,,,,,,,,,,,,,,,,,,,,,,,,,,,,,,,,,,,,,,,,,,,,,,,,,,,,,,,,,,,,,,,,,,,,,,,,,,,,,,,,,,,,,,,,
244,TZA,Tanzania,,,,,,,,,,,,,,,,,,48.08802032,,,,,,,,,,,,,,62.17232132,,,,,,,,60.75262070000001,,73.34718323,,,73.09382629,,,,,,,,,,,,,,,,,,,,71.3657074,,,,,,,,,,,,,,77.50640106,,,,,,,,75.46779633,,83.37769318,,,83.20484924,
245,UGA,Uganda,,,,,,,,,,,,,,,,,,,,,44.82669067,,,,,,,,,,,58.90988159,,,,62.07897186,,,,64.59145355,,61.97042847,,,,,,,,,,,,,,,,,,,,,,,,,,68.19808959999999,,,,,,,,,,,78.30402374,,,,81.38858795,,,,82.63139343,,79.12303925,,,,
246,UKR,Ukraine,,,,,,,,,,,,,,,,,,,,,,,,,,,,,,,99.17156982,,,,,,,,,,,99.95819855,,,,,,,,,,,,,,,,,,,,,,,,,,,,,,,,,,,,99.74343109,,,,,,,,,,,99.99394226,,,,
247,UMC,Upper middle income,,,,,,59.465180000000004,59.55141,60.54583,61.4914,62.517469999999996,63.47756,64.08253,65.4948,66.67461,67.65395,68.62661,69.51611,74.03171,74.7691,74.99982,76.32553,76.94707,77.56635,78.15472,78.81074,79.42112,85.73303,86.26876999999999,86.70973000000001,87.16734,87.5345,87.81913,88.48376,89.0279,89.45838,89.70285,91.00119000000001,91.3227,91.76984,91.88748000000001,92.31607,92.50704,92.57711,92.84863,93.14721999999999,93.37568,,,,,,,79.84701,79.94806,80.55845,81.15959000000001,81.72274,82.3059,82.60136999999999,83.4569,84.0811,84.62035999999999,85.11735999999999,85.62252,87.88958000000001,88.2498,88.05621,89.01099,89.35600000000001,89.67591,89.98929,90.31363,90.57908,93.19726999999999,93.43358,93.63535999999999,93.92718,94.06090999999999,94.12834000000001,94.54499,94.81309,95.0414,95.13849,95.66252,95.82428,95.80356,95.82356,96.02188000000001,96.10452,96.14528,96.27109,96.4173,96.52922
248,URY,Uruguay,,,,,94.30451965,,,,,,,,,,95.88153839,,,,,,,,,,,97.27095795,,,,,,,,,,98.08435822,98.2419281,98.46366119,98.53372192,98.49095154,98.61907959,98.66055298,98.63642883,98.80905151,98.86746216,,,,,,,93.38825989,,,,,,,,,,94.83361053,,,,,,,,,,,96.24452972,,,,,,,,,,97.44477844,97.42169189,97.83128357,97.97241974,97.61016846,98.02310944,98.10397339,98.06342316,98.02507019,98.1459198,
249,USA,United States,,,,,,,,,,,,,,,,,,,,,,,,,,,,,,,,,,,,,,,,,,,,,,,,,,,,,,,,,,,,,,,,,,,,,,,,,,,,,,,,,,,,,,,,,,,,,
250,UZB,Uzbekistan,,,,,,,,,,,,,,,,,,,,,,,,,,,,,,98.13858032,,,,,,,,,,,,,99.9958725,99.97599029999999,99.97576904,,,,,,,,,,,,,,,,,,,,,,,,,,,,,,,,99.16443634,,,,,,,,,,,,,99.99382782,99.98519135,99.99204254,
251,VCT,St. Vincent and the Grenadines,95.5,,,,,,,,,,,,,,,,,,,,,,,,,,,,,,,,,,,,,,,,,,,,,,95.80000305,,,,,,,,,,,,,,,,,,,,,,,,,,,,,,,,,,,,,,,,,,,,,,
252,VEN,"Venezuela, RB",,,,,,,,,,,83.00466156,,,,,,,,,89.00485229,,,,,,,,,,,92.71598053,,,,,,94.92964172,,95.35040283,,95.02887726,,,,96.56006622,97.21370697,,,,,,,,,,,,86.48932648,,,,,,,,,90.6725235,,,,,,,,,,,93.25744629,,,,,,95.38172913,,95.67536926,,94.50231934,,,,96.65107727,97.03910828
253,VGB,British Virgin Islands,,,,,,,,,,,,,,,,,,,,,,,,,,,,,,,,,,,,,,,,,,,,,,,,,,,,,,,,,,,,,,,,,,,,,,,,,,,,,,,,,,,,,,,,,,,,,
254,VIR,Virgin Islands (U.S.),,,,,,,,,,,,,,,,,,,,,,,,,,,,,,,,,,,,,,,,,,,,,,,,,,,,,,,,,,,,,,,,,,,,,,,,,,,,,,,,,,,,,,,,,,,,,
255,VNM,Vietnam,,,,,,,,,78.14038849,,,,,,,,,,82.82939148,,,,,,,,,,86.92008209,86.61010742,,,,,,,,,91.37908936,,,,,,,,,,,,,,,,,90.38146973,,,,,,,,,,93.00299072,,,,,,,,,,93.91825867,93.93267822,,,,,,,,,95.78533173,,,,,,,
256,VUT,Vanuatu,,,,,,,,,47.78258896,,,,,,,,,,,,,,,,,,,,,,,,,,,,,,,,,,,,,,,,,,,,,,,57.33509827,,,,,,,,,,,,,,,,,,,,,,,,,,,,,,,,,,,,,
257,WLD,World,,,,,,61.037969999999994,61.149190000000004,61.62464,62.102830000000004,62.36277,62.966,63.39329,64.03504000000001,64.61666,65.12334,65.61397,66.20331999999999,68.04276999999999,68.50861,69.04696,69.73071999999999,70.14154,70.52319,70.96518,71.42038000000001,71.90859,74.62926,75.77946999999999,76.17585,76.39842,76.75211999999999,77.11524,77.65762,78.19473,77.77257,78.36676,78.96324,79.31416,79.74304000000001,80.4911,80.75708,81.45047,81.62854,82.06664,82.32531999999999,82.65819,,,,,,,76.81562,76.95635,77.29126,77.61506999999999,77.77881,78.12528,78.45776,78.86616,79.21419,79.52941,79.8317,80.26404000000001,81.4913,81.77428,81.86724,82.25869,82.70818,83.03909,83.30745999999999,83.56427,83.8325,85.02886,86.25766999999999,86.47976,86.61182,86.7612,87.06933000000001,87.51219,87.90378,87.93876999999999,87.83599,88.0615,88.34391,88.55743000000001,88.64463,88.46042,89.2824,89.35795999999999,89.55434,89.7069,89.83771999999999
258,WSM,Samoa,,,,,,,,,,,,,,,,,,,,,97.42173767,,,,,,,,,,,,,,,,,,,,99.06952667,,,,,,,,,,,,,,,,,,,,,,,,,,,98.41568756,,,,,,,,,,,,,,,,,,,,98.88191986,,,,,
259,XKX,Kosovo,,,,,,,,,,,,,,,,,,,,,,,,,,,,,,,,,,,,,,,,,,,,,,,,,,,,,,,,,,,,,,,,,,,,,,,,,,,,,,,,,,,,,,,,,,,,,
260,YEM,"Yemen, Rep.",,,,,,,,,,,,,,,,,,,,,,,,17.05956078,,,,,,,,,,,,,,,,,,,,,,,,,,,,,,,,,,,,,,,,,,,,,,,56.72475052,,,,,,,,,,,,,,,,,,,,,,
261,ZAF,South Africa,,,,,,,,,,74.80718994,,,,,,,,,,,,,,,,80.92862701,,,,,,,,,,,87.04309845,,91.76815796,91.71398926,92.04788971,92.58625031,,93.07305908,93.40802765,,,,,,,,,,,,77.52559662,,,,,,,,,,,,,,,,84.07138062,,,,,,,,,,,90.71759033,,94.12145996,94.14385223,94.24508667,94.96372223,,95.28684998,95.39653015,
262,ZMB,Zambia,,,,,,,,,,,,,,,,,,,,57.35771942,,,,,,,,,59.80284882,,,61.83927917,,,,,51.78696823,,,77.74664307,,,,,,,,,,,,,,,,,,,,,,,,,,,73.03733826,,,,,,,,,76.25402069,,,80.91285706,,,,,71.94744109999999,,,88.68402863,,,,,,
263,ZWE,Zimbabwe,,,,,,,,,,,,71.85392761,,,,,,,,,,78.51702118,,,,,,,,,,,,,,,,,,,80.06565857,,,88.28382874,,,,,,,,,,,,,,,84.17462921,,,,,,,,,,88.89337921,,,,,,,,,,,,,,,,,,,87.76480865,,,89.18537140000001,,
