Country Name,Country Code,Indicator Name,Indicator Code,1960,1961,1962,1963,1964,1965,1966,1967,1968,1969,1970,1971,1972,1973,1974,1975,1976,1977,1978,1979,1980,1981,1982,1983,1984,1985,1986,1987,1988,1989,1990,1991,1992,1993,1994,1995,1996,1997,1998,1999,2000,2001,2002,2003,2004,2005,2006,2007,2008,2009,2010,2011,2012,2013,2014,2015,2016,2017
Aruba,ABW,"School enrollment, primary, female (% net)",SE.PRM.NENR.FE,,,,,,,,,,,,,,,,,,,,,,,,,,,,,,,,,,,,,,,,98.47424316,97.82292938,94.19818878,94.60751343,92.74784088,92.99584961,96.56223297,97.81941986,98.16885376,98.64405823,97.70514679,,,,,99.37290192,,,
Afghanistan,AFG,"School enrollment, primary, female (% net)",SE.PRM.NENR.FE,,,,,,,,,,,,,,,8.565039635,,,,,,,,,,,,,,,,,,,14.38842964,,,,,,,,,,,,,,,,,,,,,,,,
Angola,AGO,"School enrollment, primary, female (% net)",SE.PRM.NENR.FE,,,,,,,,,,,,,,,,,,,,,,,41.44350815,37.77576065,,,,,,,,,,,,,,,41.30158997,,,,,,,,,,69.38778687,68.31130219,67.7120285,66.38749695,,,,,,
Albania,ALB,"School enrollment, primary, female (% net)",SE.PRM.NENR.FE,,,,,,,,,,,,,,,,,,,,,,,,,,,,,,,,,,,,,,,,95.90653992,95.17523956,94.16091156,,91.8248291,91.58020782,,,,86.95977783,85.24368286,86.04670715,87.03375244,90.0385437,93.50276184,95.48970032,94.43501282,94.43515778,
Andorra,AND,"School enrollment, primary, female (% net)",SE.PRM.NENR.FE,,,,,,,,,,,,,,,,,,,,,,,,,,,,,,,,,,,,,,,,,,,,,,,,,,,,,,,,,,
Arab World,ARB,"School enrollment, primary, female (% net)",SE.PRM.NENR.FE,,,,,,,,,,,44.4070282,44.3508606,45.64064026,,,,,,,,,,,,,,,,,,,,,,67.06555939,65.77658081,68.63072205,69.04801941,69.58402252,70.96386719,72.00753021,73.69715881,75.05906677,75.97776794,76.91956329,77.4650116,78.14450073,79.86846161,80.90852356,81.08335876,82.33313751,82.06227112,83.27944946,81.9247818,81.40660858,81.73851013,81.83792877,
United Arab Emirates,ARE,"School enrollment, primary, female (% net)",SE.PRM.NENR.FE,,,,,,,,,,,,,,,,,,,78.46366119,,75.29089355,72.12548828,76.53974915,71.20068359,70.9364624,70.79392242,71.93354034,81.96201324,84.80940247,89.46987152,93.76364136,94.61170197,90.77812195,89.03987122,87.49571991,87.78617859,85.13581085,81.62210083,78.9524765,,,,,,,,,86.59346771,,81.47628784,84.7574234,84.41591644,88.33721161,88.16953278,90.69078064,93.89894867,93.64016724,
Argentina,ARG,"School enrollment, primary, female (% net)",SE.PRM.NENR.FE,,,,,,,,,,,95.96717072,,,,96.96634674,96.74803925,,,,,,,,,,,,,,,,96.33556366,,,,,,,,99.31680298,,,,98.75263214,98.02442169,98.33566284,98.45467377,98.83374023,98.75813293,98.71121216,97.96481323,98.1757431,98.29125214,98.50444794,99.1411438,99.22746277,,
Armenia,ARM,"School enrollment, primary, female (% net)",SE.PRM.NENR.FE,,,,,,,,,,,,,,,,,,,,,,,,,,,,,,,,,,,,,,,,,,,85.03928375,83.04898834,,82.18022919,84.90701294,89.24601746,,,,,,,,93.05999756,92.32930756,
American Samoa,ASM,"School enrollment, primary, female (% net)",SE.PRM.NENR.FE,,,,,,,,,,,,,,,,,,,,,,,,,,,,,,,,,,,,,,,,,,,,,,,,,,,,,,,,,,
Antigua and Barbuda,ATG,"School enrollment, primary, female (% net)",SE.PRM.NENR.FE,,,,,,,,,,,,,,,,,,,,,,,,,,,,,,,,,,,,,,,,,,,,,,,,83.97660828,83.62416077,82.06594849,77.80027008,77.22654724,76.09731293,,75.28884125,77.53043365,,
Australia,AUS,"School enrollment, primary, female (% net)",SE.PRM.NENR.FE,,,,,,,,,,,,96.32942963,,95.29493713,94.70986176,97.16513824,98.03614044,,,,,99.70864105,98.67131805,97.5089035,95.78354645,96.06246185,96.84983826,97.49256897,98.21987152,98.32138062,97.80957794,97.21765137,96.98586273,96.55165863,96.26909637,94.83876038,95.37763977,95.16066742,95.29972839,95.32360077,95.57653046,95.47837067,95.43000793,96.10059357,96.39347076,96.71475983,96.79290771,97.39646912,97.44055939,97.36515045,97.49754333,98.06806183,97.89865112,97.7219162,97.4193573,97.40635681,97.04915619,
Austria,AUT,"School enrollment, primary, female (% net)",SE.PRM.NENR.FE,,,,,,,,,,,,,,,,,,,,,,,,,,,,,,94.73197937,,,,,,,,,,,,,,,,,,,,,,,,,,,,
Azerbaijan,AZE,"School enrollment, primary, female (% net)",SE.PRM.NENR.FE,,,,,,,,,,,,,,,,,,,,,,,,,,,,,,,,94.78083801,95.4467392,93.76937866,81.4488678,90.40976715,97.36618042,89.18087006,87.86643982,92.1813736,88.01043701,84.72398376,83.80378723,80.81173706,82.61312866,81.43260956,80.27635956,83.05101013,83.56243134,84.35518646,83.84757996,85.40786743,87.94236755,91.667099,93.80330658,92.85073853,93.99767303,
Burundi,BDI,"School enrollment, primary, female (% net)",SE.PRM.NENR.FE,,,,,,,,,,,,,,13.98787975,,,,,13.92378998,,15.40495968,16.98757935,19.12446976,24.47835922,28.99349976,33.32040024,36.32841873,41.7417717,45.34642029,,,,,46.06193161,,,,,,,38.09851074,45.97996902,44.94535828,48.75426865,51.88959885,55.32226944,73.46848297,80.95023346,91.78681183,91.21118927,96.82807922,,,,,,,
Belgium,BEL,"School enrollment, primary, female (% net)",SE.PRM.NENR.FE,,,,,,,,,,,,,,,,,,96.42127228,,97.91599274,98.44773865,97.50450134,97.38166046,94.71105194,94.13783264,93.78456116,95.13323212,96.72409821,98.04386139,,,97.92838287,96.34971619,97.97415161,97.27381897,97.21865845,97.66342926,,,98.94885254,99.02053833,99.0316925,98.75984955,97.74291229,96.32343292,95.94271088,96.15016174,97.18726349,97.77110291,97.6415863,97.45188141,97.57639313,97.81842041,97.82739258,97.63668823,98.00994873,,
Benin,BEN,"School enrollment, primary, female (% net)",SE.PRM.NENR.FE,,,,,,,,,,,,,,,,,,,,,,,,,33.32624054,33.95624924,32.95243835,,32.79161835,33.24378967,27.08334923,,32.99803925,36.29644012,38.66780853,41.2501297,43.90906906,47.59339142,,,,,,,,,76.69551849,,83.58132172,,,89.61656189,,,,,,
Burkina Faso,BFA,"School enrollment, primary, female (% net)",SE.PRM.NENR.FE,,,,,,,,,,,,7.431540012,7.888909817,,,,,9.34183979,9.674220085,10.08638954,10.80480003,11.48836994,12.5058403,13.65414047,14.51375008,16.0202198,17.67218018,18.79343033,19.29117012,19.74278069,,21.36673927,21.83410072,22.70059013,23.67345047,24.94241905,,,28.29705048,29.01118088,29.99879074,31.10795021,31.05661964,32.99755096,35.84748077,40.46028137,43.72040176,49.09273148,55.53210831,58.93275833,57.39891815,62.77919006,63.99953842,65.3144989,66.49134064,68.14273834,74.06397247,
Bangladesh,BGD,"School enrollment, primary, female (% net)",SE.PRM.NENR.FE,,,,,,,,,,,33.93790054,,,49.25101852,,,,52.97919846,52.61962891,,,55.24671936,,48.66777039,51.89741898,50.0517807,49.34194946,48.41577148,62.12443161,62.4106102,66.49729919,,,,,,,,,,,,,,,94.35796356,95.50758362,,90.62404633,94.22028351,95.12634277,,,,,,,
Bulgaria,BGR,"School enrollment, primary, female (% net)",SE.PRM.NENR.FE,,,,,,,,,,,,,,,,,,,,,,,,,,,,,,,,,,,,,92.7232666,94.19631195,93.68470764,94.59449768,94.35691833,94.63993073,93.52674103,94.08328247,95.32227325,93.97158813,94.74192047,97.4753418,98.04322052,98.03520966,97.96183777,98.03807831,96.17511749,94.80976105,94.46253204,92.92328644,90.86446381,
Bahrain,BHR,"School enrollment, primary, female (% net)",SE.PRM.NENR.FE,,,,,,,,,,,,67.22910309,70.6570282,72.44004059,72.54049683,75.90756226,73.83640289,73.57305145,72.76290131,74.97447205,78.13813019,78.47891235,76.92443085,80.6774292,85.4912262,91.36039734,95.87052917,96.04177094,97.88942719,98.79704285,,,97.96122742,98.80625916,99.01580811,99.93280029,,,,97.21092987,97.83981323,95.68370056,95.05905151,94.70552063,93.73390961,91.15045929,93.46150208,,,,,91.16973877,91.87140656,92.80126953,94.79550171,96.83802032,96.98251343,
"Bahamas, The",BHS,"School enrollment, primary, female (% net)",SE.PRM.NENR.FE,,,,,,,,,,,,,,,,,,,,,,,,,,,,,,,,,88.84671021,89.77760315,,,,,,89.92365265,,,,,94.34116364,99.0341568,97.70555878,,99.25734711,98.63433838,,,,,,,91.55844116,
Bosnia and Herzegovina,BIH,"School enrollment, primary, female (% net)",SE.PRM.NENR.FE,,,,,,,,,,,,,,,,,,,,,,,,,,,,,,,,,,,,,,,,,,,,,,,,,,,,,,,,,,
Belarus,BLR,"School enrollment, primary, female (% net)",SE.PRM.NENR.FE,,,,,,,,,,,,,,,,,,,,,,,,,,,,,,,,,,,,85.71330261,,,,,,,,,,,,,,91.19709778,90.95120239,90.64723969,94.00930786,93.79917145,93.26300049,95.21909332,96.27574158,
Belize,BLZ,"School enrollment, primary, female (% net)",SE.PRM.NENR.FE,,,,,,,,,,,,,,,,,,,,,,,,,,,,,,,,,,,,,,,,97.09710693,94.0038681,91.56215668,,92.39922333,93.54373169,92.58313751,93.70288849,93.74835205,93.2575531,94.47303772,95.09014893,94.03118896,96.38852692,95.01464081,95.22062683,95.05992889,94.95897675,
Bermuda,BMU,"School enrollment, primary, female (% net)",SE.PRM.NENR.FE,,,,,,,,,,,,,,,,,,,81.0333786,78.9197998,,,,,93.62744904,94.9728775,,,,,,,,,,,,,,,,,,,,,,,,,,84.74149323,81.50337982,,,,,
Bolivia,BOL,"School enrollment, primary, female (% net)",SE.PRM.NENR.FE,,,,,,,,,,,,,,,,,,,,,,,,,,,,,,,,,,,,,,,93.33123016,93.55544281,94.36103058,94.63141632,94.94168854,95.57111359,95.4825592,95.5355072,95.58361816,95.35015106,93.99279022,93.8888092,91.65048981,89.2482605,87.65457916,86.98233032,86.76741028,87.67681122,89.22736359,
Brazil,BRA,"School enrollment, primary, female (% net)",SE.PRM.NENR.FE,,,,,,,,,,,,,,,,,,,,,,,,,,,,,,,,,,,,,,,,,,,,,92.07035065,95.81085205,,92.64555359,96.74611664,96.30223083,,94.57988739,96.97766113,90.12786102,92.43437958,93.14292908,,
Barbados,BRB,"School enrollment, primary, female (% net)",SE.PRM.NENR.FE,,,,,,,,,,,,85.5329895,86.88166809,88.46568298,,,98.15505219,,,,,95.31220245,93.18663025,93.35887909,,,,,,99.78639984,96.65634155,,89.23548889,,,,,,,96.85646057,95.50225067,94.48406982,91.75240326,91.28961182,89.79679871,90.2111969,91.86376953,95.63887787,97.05084229,94.61245728,95.83785248,94.03038788,,,91.97379303,91.7687912,92.0267868,
Brunei Darussalam,BRN,"School enrollment, primary, female (% net)",SE.PRM.NENR.FE,,,,,,,,,,,,,,,,,,88.56237793,88.97530365,79.5322876,79.28914642,76.56571198,75.03491211,76.3952713,77.27960968,,80.17034149,,,,,89.07874298,91.82186127,95.47012329,95.22387695,98.15428925,,,,,,,,,,,,,,92.81227112,,,92.04588318,93.66938782,91.75010681,91.31687164,93.5326767,
Bhutan,BTN,"School enrollment, primary, female (% net)",SE.PRM.NENR.FE,,,,,,,,,,,,,,,,,,,13.10389042,15.4317503,,,,,,,,,,,,,,,,,,,49.30366898,50.64392853,53.86753845,57.23302841,,,,69.75563812,73.77565002,,79.83493042,84.41969299,86.50544739,87.38371277,88.79698944,85.91861725,,83.73391724,81.59712982,
Botswana,BWA,"School enrollment, primary, female (% net)",SE.PRM.NENR.FE,,,,,,,,,,,47.07938004,44.26863861,46.21282959,49.95838165,54.492939,61.74274826,66.69774628,71.28453064,72.32956696,74.06788635,78.41470337,82.69223022,,85.92324066,85.78156281,87.24353027,87.46269989,88.13345337,88.66760254,88.73979187,88.49217224,90.49207306,89.445961,88.69721985,88.73468018,80.55417633,81.62828827,,83.62149048,84.64846802,85.80458069,87.27115631,87.13929749,87.2717514,86.47577667,87.03192902,87.57943726,86.78913879,86.58399963,87.01792145,,,92.8169632,93.58007813,89.28941345,,,
Central African Republic,CAF,"School enrollment, primary, female (% net)",SE.PRM.NENR.FE,,,,,,,,,,,,33.97148132,36.03079987,38.53503036,,,,37.4433403,37.12905121,,,41.18373871,41.93968964,41.21086884,,,48.36854935,39.47451019,38.01089859,38.38734055,45.42604065,42.51721954,,,,,,,,,,,,,,40.1142807,40.25001144,46.89157104,55.19054031,55.31142044,57.65768051,56.4804306,59.93460083,,,,,
Canada,CAN,"School enrollment, primary, female (% net)",SE.PRM.NENR.FE,,,,,,,,,,,,,,,,,,,,,,,95.43894196,94.96832275,94.32305145,94.30330658,94.71315002,94.7228775,94.74571228,94.38587952,95.53484344,97.5418396,97.30130768,95.28578949,94.33940125,93.52787781,94.42891693,,98.38819885,99.77770233,,,,,,,,,,,,,,,,,,
Central Europe and the Baltics,CEB,"School enrollment, primary, female (% net)",SE.PRM.NENR.FE,,,,,,,,,,,,,,,,,,,,,,,,,,,,,,,,,,,,,,93.65087891,94.22612762,93.50354767,93.5014267,94.21401978,93.52866364,93.50810242,93.23532104,92.57032013,92.5372467,92.71993256,92.27796936,92.74381256,93.10106659,93.12854767,93.15498352,92.95687103,92.8241806,92.72618103,92.38905334,
Switzerland,CHE,"School enrollment, primary, female (% net)",SE.PRM.NENR.FE,,,,,,,,,,,,,,,,,,76.62870789,77.13233185,,,77.7227478,77.61047363,77.42018127,77.00583649,76.85180664,77.21556854,78.50064087,80.2519989,82.10366058,83.79905701,84.6448288,84.69020081,84.13742828,83.37394714,88.61247253,90.65812683,,,95.53648376,95.59822083,95.45986176,95.35855865,95.17875671,94.41156006,93.28630829,92.85697174,92.8495636,93.48713684,93.63762665,93.50567627,93.40550995,93.34026337,93.41020203,93.64096832,93.16876221,93.20082855,
Channel Islands,CHI,"School enrollment, primary, female (% net)",SE.PRM.NENR.FE,,,,,,,,,,,,,,,,,,,,,,,,,,,,,,,,,,,,,,,,,,,,,,,,,,,,,,,,,,
Chile,CHL,"School enrollment, primary, female (% net)",SE.PRM.NENR.FE,,,,,,,,,,,,,,,,,,,,,,,,,,,,,,,,,,,,,,,,,,,,,,,,94.85391235,94.47396851,92.47171783,93.28798676,92.04158783,91.4788208,90.71305084,90.86087799,91.66094971,93.03965759,
China,CHN,"School enrollment, primary, female (% net)",SE.PRM.NENR.FE,,,,,,,,,,,,,,,,,,,,,,,,,,,,90.09883118,,,,93.22354889,92.07015991,90.93328094,89.64251709,88.59098053,88.10479736,88.18123627,,,,,,,,,,,,,,,,,,,,
Cote d'Ivoire,CIV,"School enrollment, primary, female (% net)",SE.PRM.NENR.FE,,,,,,,,,,,,,,,,,,37.78340149,,,,,,,,,,,,,,,,,,,45.85734177,46.87179947,,48.19369888,47.08184814,50.98191833,50.31298065,49.88248062,,,,,,51.04278946,,,,65.39405823,68.77008057,72.96338654,79.63181305,
Cameroon,CMR,"School enrollment, primary, female (% net)",SE.PRM.NENR.FE,,,,,,,,,,,,56.42726135,56.53031158,54.91905975,54.04661942,59.87226868,61.6568718,60.79217148,61.96255112,63.19861984,63.59943008,,,,,,,,69.56794739,,68.85067749,67.20269775,,,,,,,,,,,,,,,,,,,,85.17627716,85.85009003,,86.79496765,,91.01802826,
"Congo, Dem. Rep.",COD,"School enrollment, primary, female (% net)",SE.PRM.NENR.FE,,,,,,,,,,,,54.29319,53.47098923,,,57.78023911,,,,60.11624908,,,,64.19592285,65.41506195,,,,56.48538971,,,54.07278061,53.13016891,52.46326828,52.62361145,55.92757034,,,,35.89347839,,,,,,,,,,,,,,,,,,
"Congo, Rep.",COG,"School enrollment, primary, female (% net)",SE.PRM.NENR.FE,,,,,,,,,,,,,76.18052673,,82.5995636,,87.40222931,,92.25820923,92.76618195,86.16378784,85.2313385,85.98851013,86.86383057,87.64418793,,,,,,,,,,,,,,,,,,,,,55.89881897,51.7865715,,,,82.81716919,,89.39962006,,,,,
Colombia,COL,"School enrollment, primary, female (% net)",SE.PRM.NENR.FE,,,,,,,,,,,,,,,,,,,,,,,,,,,66.67089844,,,,,72.77757263,,,,,,,,94.20214081,94.48171234,93.740448,93.91291046,,95.58418274,94.12796783,92.66972351,92.00910187,92.35395813,92.84577942,93.0200119,93.58402252,91.09976959,90.27346039,89.74008179,90.57833862,91.23747253,
Comoros,COM,"School enrollment, primary, female (% net)",SE.PRM.NENR.FE,,,,,,,,,,,,,,,,,,,,,,,,,,,,67.59841156,,,,,,,62.29608917,,,,,55.92435074,62.13600922,,,,,,,76.25052643,,,,,,82.22374725,79.21782684,,,
Cabo Verde,CPV,"School enrollment, primary, female (% net)",SE.PRM.NENR.FE,,,,,,,,,,,,,,,,,,,,,,88.14356232,86.20317841,82.71138763,90.41107178,92.99546814,94.48179626,96.23935699,,,,,,,,,,,,,,98.47245026,97.5759964,96.62275696,94.91590118,93.75836945,92.76023865,90.81923676,88.89141083,87.295578,86.61284637,85.41458893,86.03890991,86.08042145,86.20626831,86.37380219,85.28832245,
Costa Rica,CRI,"School enrollment, primary, female (% net)",SE.PRM.NENR.FE,,,,,,,,,,,87.11469269,,89.28984833,89.92925262,,90.34980774,91.93788147,,90.0421524,88.79400635,89.14322662,89.76061249,88.36608887,,,85.99902344,87.2857666,87.50045776,,87.79157257,87.95658112,88.66803741,,,,,,,,,,,,,,,,,,,,98.45303345,98.52884674,97.5484314,96.10572052,96.20823669,96.64491272,
Caribbean small states,CSS,"School enrollment, primary, female (% net)",SE.PRM.NENR.FE,,,,,,,,,,,94.1606369,94.53372955,94.83831024,,,93.5714035,,94.02909088,,94.11720276,,,,,,94.78286743,94.48956299,95.45142365,95.21507263,96.58917236,,,,91.30682373,91.56240845,91.8557663,92.03482056,92.30615997,92.69497681,92.43463898,92.05098724,91.46028137,90.82788086,90.40527344,91.51783752,91.18364716,91.28324127,91.89003754,92.74951172,92.49160767,92.78740692,92.86530304,92.89640808,92.69696045,,,,
Cuba,CUB,"School enrollment, primary, female (% net)",SE.PRM.NENR.FE,,,,,,,,,,,,,93.78681183,95.00150299,95.80236053,,,,,98.07276154,96.99521637,95.19611359,94.18836212,94.06906891,93.1324234,91.0553894,91.26448059,92.67475128,92.21862793,92.41413116,92.49874878,92.19168091,94.58432007,95.31841278,97.55713654,97.51275635,98.96018982,98.60746765,96.45729065,96.68273163,95.88565063,95.31108856,95.24806976,93.46897888,93.60707092,93.76503754,94.37597656,95.7020874,96.69976044,99.08743286,99.30758667,99.7911911,99.4489212,99.25801086,96.58931732,95.25170898,,
Curacao,CUW,"School enrollment, primary, female (% net)",SE.PRM.NENR.FE,,,,,,,,,,,,,,,,,,,,,,,,,,,,,,,,,,,,,,,,,,,,,,,,,,,,,,,,,,
Cayman Islands,CYM,"School enrollment, primary, female (% net)",SE.PRM.NENR.FE,,,,,,,,,,,,,,,,,,,,,,,,,,,,,,,,,,,,,,,,,,,,,,,,,,,,,,,,,,
Cyprus,CYP,"School enrollment, primary, female (% net)",SE.PRM.NENR.FE,,,,,,,,,,,,79.5735321,78.21517944,78.04012299,77.08834839,70.99085236,68.77783203,68.11347198,69.01899719,69.99552917,69.21742249,71.51783752,68.43544006,68.05516052,68.09883118,68.95197296,73.50296783,77.48683167,78.76016235,78.95243073,78.78041077,79.15071106,77.19921112,97.66880798,96.77906036,96.13146973,95.8571701,96.37602997,,95.36522675,95.51143646,95.28582764,96.13101196,96.31867981,95.95348358,99.43538666,99.22205353,98.93753052,98.41310883,98.44579315,99.11940765,98.67072296,98.08757782,97.70887756,97.58036804,97.67327118,,
Czech Republic,CZE,"School enrollment, primary, female (% net)",SE.PRM.NENR.FE,,,,,,,,,,,,,,,,,,,,,,,,,,,,,,,,,,,,,,,,,,,,,,,,,,,,,,,,,,
Germany,DEU,"School enrollment, primary, female (% net)",SE.PRM.NENR.FE,,,,,,,,,,,,,,,,,,,,,,,,,,,,,,,,,,,,,,,,,,,98.74539185,98.35363007,,,,,,,,,,,,,,
Djibouti,DJI,"School enrollment, primary, female (% net)",SE.PRM.NENR.FE,,,,,,,,,,,,,,,,,,,,,,,,,,21.54557037,22.52533913,22.40551949,22.53910065,22.82250023,23.58978081,,24.37232018,23.06435013,23.87389946,24.90625954,24.44265938,23.48852921,,22.55590057,23.25312996,25.60383034,27.17432976,,30.82221985,32.55720901,35.52550125,38.43608856,44.06901169,43.44887924,,50.76895142,,50.92823029,52.27706146,52.29536057,49.41255188,55.72546005
Dominica,DMA,"School enrollment, primary, female (% net)",SE.PRM.NENR.FE,,,,,,,,,,,,,,,,,93.43276215,94.57244873,,90.24421692,87.05898285,88.9723587,88.27948761,,,,,,,,,,,,,,,,,,,,,,93.3599472,91.91001892,89.42048645,89.10195923,89.43248749,93.50449371,,,,,,,95.92971802,
Denmark,DNK,"School enrollment, primary, female (% net)",SE.PRM.NENR.FE,,,,,,,,,,,,,,,,,,,,,,95.59285736,96.40157318,98.15753174,98.92842865,99.02562714,98.62751007,98.98789978,99.15071869,97.948349,97.8412323,98.31616974,97.33747864,96.83258057,98.57861328,98.44747162,98.08989716,,,98.29073334,97.83686829,,,,98.17569733,96.20131683,96.63565826,97.2263031,97.03399658,97.04203033,96.85112,97.96882629,98.35610962,98.60285187,98.28652191,98.50511169,98.90943146,
Dominican Republic,DOM,"School enrollment, primary, female (% net)",SE.PRM.NENR.FE,,,,,,,,,,,,,,,,,,,,,,,,,,,,,,,,,,,,,,,,82.84780884,83.70426941,,86.86734772,85.01415253,81.48399353,82.92211914,81.28813934,86.47515869,82.79058838,84.11504364,86.10122681,86.69564819,85.18343353,84.49279022,82.55299377,86.04827118,85.83422852,
Algeria,DZA,"School enrollment, primary, female (% net)",SE.PRM.NENR.FE,,,,,,,,,,,,,,55.48474884,58.84817886,61.31015015,63.51847076,65.70841217,67.39961243,68.10391235,69.4382782,69.98901367,69.96994019,69.81684875,71.07933044,71.95284271,73.68216705,75.40927887,76.83267975,78.25788879,79.08175659,81.15881348,82.70169067,82.78002167,83.30549622,83.90553284,83.97016907,83.86197662,,86.26676941,87.43998718,89.48557281,90.72711182,91.13937378,91.69947815,91.90364838,91.96761322,94.25984192,95.44857025,,,,,,,,96.61837769,
East Asia & Pacific (excluding high income),EAP,"School enrollment, primary, female (% net)",SE.PRM.NENR.FE,,,,,,,,,,,,,,,,,,,,,,,,,,,,90.92137909,,,,92.72080994,92.09715271,91.38034058,90.55413055,89.61448669,89.25092316,88.95307159,91.37243652,93.65290833,93.87188721,94.15718842,96.42192078,96.03183746,96.15606689,93.9671402,93.6207428,94.77211761,94.84970093,95.27304077,95.66384125,96.09236908,95.63423157,95.17269897,94.83860779,94.65984344,94.70162201,
Early-demographic dividend,EAR,"School enrollment, primary, female (% net)",SE.PRM.NENR.FE,,,,,,,,,,,,,,,,,,,,,,63.50875092,,,,,,68.62471771,,72.43795013,72.39040375,72.78700256,72.9180069,73.75453949,74.77545929,74.48312378,75.04654694,74.58409882,74.54844666,75.30284882,76.72209167,77.58296967,78.33000183,82.13768005,83.55026245,84.9418335,86.22286224,88.084198,88.67746735,89.40911102,90.01486969,90.1681366,90.40738678,90.53701782,90.37696838,90.6632309,90.80164337,
East Asia & Pacific,EAS,"School enrollment, primary, female (% net)",SE.PRM.NENR.FE,,,,,,,,,,,,,,,,,,,,,,,,,,,,91.76967621,,,,93.33807373,92.72924042,92.04238129,91.26389313,90.36193848,89.9776535,89.63027191,91.82676697,93.95097351,94.16246796,94.41519928,96.5340271,96.22628784,96.34233093,94.35282898,94.04125214,95.11952209,95.19766235,95.58643341,95.90901184,96.31307983,95.84767151,95.35507202,95.02954865,94.9124527,94.95375061,
Europe & Central Asia (excluding high income),ECA,"School enrollment, primary, female (% net)",SE.PRM.NENR.FE,,,,,,,,,,,,,,,,,,,,,,,,,,,,,,,,,93.19991302,91.82836151,91.45825195,90.43798065,89.16757202,86.66909027,88.22364807,90.53553772,89.80438232,90.53605652,91.4783783,93.43218994,93.06310272,91.57816315,91.80358887,92.03344727,92.28066254,91.92173767,92.71604156,92.90875244,92.75527954,93.22641754,93.43379211,93.85030365,94.0265274,
Europe & Central Asia,ECS,"School enrollment, primary, female (% net)",SE.PRM.NENR.FE,,,,,,,,,,,,,92.45986938,,,,,,,,,,,,,,,,,,,,,,,93.32048798,92.98020172,91.99017334,93.52359772,94.56121826,94.24111176,94.67334747,94.99075317,95.75021362,95.21173859,94.50225067,94.61319733,94.69226074,95.04020691,94.86309052,95.31738281,95.46365356,95.45606232,95.83740997,95.81321716,96.01741028,96.06697845,
Ecuador,ECU,"School enrollment, primary, female (% net)",SE.PRM.NENR.FE,,,,,,,,,,,,79.27645111,,79.74829865,81.00306702,80.82154846,81.30473328,84.25105286,86.03616333,88.8633728,87.56153107,,,,,,,,,,,,,,92.62902069,93.00087738,94.11898041,96.46874237,95.47679901,95.35015106,95.90348816,97.55898285,,,,,,,,98.57318878,96.04444885,,,96.09938812,92.93135834,91.86022186,92.51940155,92.08869934
"Egypt, Arab Rep.",EGY,"School enrollment, primary, female (% net)",SE.PRM.NENR.FE,,,,,,,,,,,,50.42763901,50.54335022,50.30876923,,,,,53.33164978,,,,,,,,,,,,,,,,78.59043884,,,80.86414337,,81.25592804,81.79392242,83.55477905,85.41680145,87.71089172,90.42691803,,,,,,,,97.09499359,,96.19785309,,97.94400024,
Euro area,EMU,"School enrollment, primary, female (% net)",SE.PRM.NENR.FE,,,,,,,,,,,,,,,,,,,,,,,,,,,,,,,,,,,,,,,98.36141205,98.27194214,98.22894287,98.25263214,97.99649811,97.81453705,97.6735611,97.57247925,97.5524292,97.79454041,97.78653717,97.71140289,97.8469696,97.90432739,97.931427,97.92955017,97.67369843,97.78047943,97.72390747,
Eritrea,ERI,"School enrollment, primary, female (% net)",SE.PRM.NENR.FE,,,,,,,,,,,,,,,,,,,,,,,,,,,,,,,,,20.2716198,,23.18886948,24.30381966,25.99020958,26.2922802,,30.87991905,35.98984146,38.05176163,42.80958176,47.55802917,50.01057816,51.71171951,51.28274918,46.69313049,42.89905167,39.7263298,37.15513992,39.38476181,41.32756042,41.60594177,41.73659134,40.33415985,,
Spain,ESP,"School enrollment, primary, female (% net)",SE.PRM.NENR.FE,,,,,,,,,,,,94.3379364,95.87576294,96.65084076,,,,99.92828369,98.74062347,99.03147125,,,,,,,,,98.4330368,99.10327148,98.89267731,,99.50511169,,,,,,,99.91256714,99.98487854,99.9336319,99.94094086,99.90421295,99.81072998,99.47550201,99.57232666,99.8109436,99.84525299,99.84178162,99.7947998,99.79039764,99.83450317,99.30885315,98.66854095,99.01569366,98.53553772,
Estonia,EST,"School enrollment, primary, female (% net)",SE.PRM.NENR.FE,,,,,,,,,,,,,,,,,,,,,,,,,,,,,,,,,,,,86.07569885,89.90885925,,,95.0308075,95.97193146,96.23452759,,94.69212341,94.15824127,93.61402893,92.48435211,94.12786865,93.50505066,92.91446686,95.84359741,97.17182159,97.13008881,95.58585358,94.27857208,93.95960236,,
Ethiopia,ETH,"School enrollment, primary, female (% net)",SE.PRM.NENR.FE,,,,,,,,,,,,,,,,,,,,,,,,,,,,24.2667408,24.57206917,24.07048035,,,,,15.5050602,17.19503021,20.21528053,,26.61116982,29.17576027,34.0240097,38.26781845,40.71432877,41.88616943,45.71279144,57.16630173,62.55796814,67.74179077,73.4917984,73.62589264,71.53397369,75.1709671,76.54779053,,82.74458313,82.25119019,,
European Union,EUU,"School enrollment, primary, female (% net)",SE.PRM.NENR.FE,,,,,,,,,,,,,,,,,,,,,,,,,,,,,,,,,,,,,,,97.75247192,97.54441071,97.49796295,97.74223328,97.44979858,97.39057159,96.92360687,96.78475189,96.74868774,96.68123627,96.92598724,96.88838959,97.07479095,97.18502808,97.25292206,97.38549805,97.21481323,97.27532959,97.18232727,
Fragile and conflict affected situations,FCS,"School enrollment, primary, female (% net)",SE.PRM.NENR.FE,,,,,,,,,,,40.07205963,39.98318863,40.61442184,,,,,,,,,,,,,,,,,,,,,,54.91498184,55.01523972,53.81703949,53.01475906,52.3325119,51.66688156,52.56187057,54.38208008,56.63058853,58.689991,60.4946785,61.36177063,63.22555161,65.01683044,67.57525635,67.97589874,69.10205078,70.17214203,71.87560272,71.44106293,72.28954315,71.80197144,71.94140625,
Finland,FIN,"School enrollment, primary, female (% net)",SE.PRM.NENR.FE,,,,,,,,,,,,,,,,,,,,,,,,,,,,,,,,,,98.71576691,98.70791626,98.36128235,98.66976929,98.79029083,99.28539276,,,99.64704132,99.23960114,98.4160614,97.43032074,97.20033264,96.83590698,97.40740967,97.67784119,97.86904907,98.22470856,98.44753265,98.96322632,99.06002045,99.51580048,99.14250946,99.14724731,
Fiji,FJI,"School enrollment, primary, female (% net)",SE.PRM.NENR.FE,,,,,,,,,,,,,,,,,,,,,,,,,,,,,,,,,96.68727112,,97.12162781,95.78045654,92.90440369,93.33843994,94.57135773,94.55007935,92.51409912,95.53312683,,99.89916229,96.72440338,,99.52793884,,,96.99198914,,,,96.32602692,,98.01429749,,
France,FRA,"School enrollment, primary, female (% net)",SE.PRM.NENR.FE,,,,,,,,,,,,98.05191803,98.21028137,,,,,,,,,,98.62181854,96.5537796,,95.67389679,98.20230865,,,,,,99.62882233,98.07479858,97.77786255,98.71331024,99.70168304,99.67253113,,99.11422729,99.12097931,99.0998764,99.06893921,98.88778687,98.63298798,98.69275665,98.52104187,98.58895874,98.60694122,98.7545929,98.80169678,98.80735016,98.84288788,99.04004669,99.06881714,99.09841919,,
Faroe Islands,FRO,"School enrollment, primary, female (% net)",SE.PRM.NENR.FE,,,,,,,,,,,,,,,,,,,,,,,,,,,,,,,,,,,,,,,,,,,,,,,,,,,,,,,,,,
"Micronesia, Fed. Sts.",FSM,"School enrollment, primary, female (% net)",SE.PRM.NENR.FE,,,,,,,,,,,,,,,,,,,,,,,,,,,,,,,,,,,,,,,,,,,,,,,,,,,,,,,83.89061737,85.39292908,,
Gabon,GAB,"School enrollment, primary, female (% net)",SE.PRM.NENR.FE,,,,,,,,,,,,,,,,,,,,,,,,,,,,,,,,,,,,,,91.13218689,,,,,,,,,,,,,,,,,,,,
United Kingdom,GBR,"School enrollment, primary, female (% net)",SE.PRM.NENR.FE,,,,,,,,,,,,98.09954071,97.12502289,96.19850922,95.78251648,95.8031311,96.02366638,96.32479095,96.4183197,96.55561829,97.86859894,97.78096771,96.86988831,95.19806671,94.55415344,93.61440277,95.19941711,98.14167023,99.79266357,,,98.37876892,96.76554108,,,,,,99.84651947,99.97741699,99.98323059,,99.81726074,99.99556732,98.11257172,98.78356171,98.6003418,96.74102783,98.61141205,97.92421722,98.16692352,98.40543365,98.60115814,,,,,
Georgia,GEO,"School enrollment, primary, female (% net)",SE.PRM.NENR.FE,,,,,,,,,,,,,,,,,,,,,,,,,,,,,,,,,,,,82.28936005,83.24984741,83.49404907,,,,,,,84.4589386,84.12001801,87.37296295,91.8299408,94.62674713,94.4181366,,96.19799042,97.3125,,,,,
Ghana,GHA,"School enrollment, primary, female (% net)",SE.PRM.NENR.FE,,,,,,,,,,,,,,,,,,,,,,,,,,,,,,,,,,,,,,,,60.21121979,64.01360321,59.03805923,61.6882782,61.51805115,,64.95211029,64.48763275,69.50411987,74.6962738,73.42970276,,81.73442078,,85.99297333,87.81157684,89.78191376,87.01210022,85.31065369
Gibraltar,GIB,"School enrollment, primary, female (% net)",SE.PRM.NENR.FE,,,,,,,,,,,,,,,,,,,,,,,,,,,,,,,,,,,,,,,,,,,,,,,,,,,,,,,,,,
Guinea,GIN,"School enrollment, primary, female (% net)",SE.PRM.NENR.FE,,,,,,,,,,,,,,,,,,,,,,,,,18.0659008,19.46961975,18.1849308,16.59280968,17.41110039,17.47219086,16.90732956,18.41173935,,,,,,,30.57805061,33.43333817,37.36640167,41.08285904,47.95695877,51.73038864,55.06779861,57.5075798,60.10126114,62.15248108,61.51350021,62.79600143,63.57762909,68.46028137,68.63504028,69.3963089,72.01719666,,,
"Gambia, The",GMB,"School enrollment, primary, female (% net)",SE.PRM.NENR.FE,,,,,,,,,,,,15.40217018,15.34996986,16.28828049,16.75470924,17.54463005,18.20622063,20.3611908,22.23529053,24.37111092,28.00140953,35.06549835,38.01934052,41.21474075,44.3615799,46.77001953,47.17356873,,,,,,38.27603912,41.58852005,,,52.74526978,,58.24856949,69.01450348,67.96769714,70.09242249,67.99807739,73.38384247,75.0958786,72.80930328,76.90029144,75.38198853,71.58508301,,67.65251923,69.50700378,71.65155029,69.54669952,72.68907928,76.21412659,78.48677826,81.42247009
Guinea-Bissau,GNB,"School enrollment, primary, female (% net)",SE.PRM.NENR.FE,,,,,,,,,,,,,,,,,,,,,,29.08525085,33.54598999,,32.8474617,33.14894104,,28.44285965,27.35589981,,,,,,,,,,,,39.43484879,,,,,,,,,,69.26441193,,,,,,,
Equatorial Guinea,GNQ,"School enrollment, primary, female (% net)",SE.PRM.NENR.FE,,,,,,,,,,,,,,,,,,,,,,,,,,,,,,,,,,,62.43780136,,,,,,57.82138062,66.55667877,64.04708862,62.42655945,,,,,46.38591003,45.44786835,44.90544891,45.22576141,46.53467941,,,43.82365036,,
Greece,GRC,"School enrollment, primary, female (% net)",SE.PRM.NENR.FE,,,,,,,,,,,,91.88430023,92.51332855,93.82228851,95.57463837,96.14028931,96.59430695,96.11717987,95.35733795,94.12743378,92.10124207,93.82798004,93.8516922,94.74410248,94.64997864,94.49211884,93.57125854,91.1449585,91.96453094,91.37445068,90.85679626,90.63642883,89.13799286,87.16468048,86.44548798,88.57508087,87.16309357,87.61224365,90.80577087,91.65450287,92.31819153,91.48529816,92.1062088,92.71331787,93.34406281,92.46083832,91.70852661,91.82949066,,,93.20858765,93.54499054,93.84506226,93.34249878,92.29929352,93.34693146,,
Grenada,GRD,"School enrollment, primary, female (% net)",SE.PRM.NENR.FE,,,,,,,,,,,,,84.12902832,,,,,97.63477325,,,94.08509827,90.67765808,87.68406677,87.84705353,90.64826965,,,,,,,,,,,,,,,,,,93.73605347,,95.14781952,87.44052887,,90.18405151,90.22424316,86.67218781,,,,89.54007721,94.12251282,95.37986755,95.39723206,
Greenland,GRL,"School enrollment, primary, female (% net)",SE.PRM.NENR.FE,,,,,,,,,,,,,,,,,,,,,,,,,,,,,,,,,,,,,,,,,,,,,,,,,,,,,,,,,,
Guatemala,GTM,"School enrollment, primary, female (% net)",SE.PRM.NENR.FE,,,,,,,,,,,42.23365021,43.20045853,43.93482971,,45.48929977,46.36626816,,,48.62257004,,,53.59902954,51.52806854,54.53427124,,,,,,,,,,,,,,67.43367004,,76.32647705,79.59487915,80.22158813,82.68057251,,87.61804199,89.3755722,91.07523346,92.37792206,92.97270966,96.04795837,95.36746979,92.97612,90.05375671,87.50167847,85.60742188,85.24638367,84.57653809,
Guam,GUM,"School enrollment, primary, female (% net)",SE.PRM.NENR.FE,,,,,,,,,,,,,,,,,,,,,,,,,,,,,,,,,,,,,,,,,,,,,,,,,,,,,,,,,,
Guyana,GUY,"School enrollment, primary, female (% net)",SE.PRM.NENR.FE,,,,,,,,,,,,87.22309113,88.3377533,,91.39206696,,87.59269714,92.16822052,,89.32675934,,,89.34635925,,,,,,,,,91.24584198,88.86849213,87.59520721,,89.29665375,87.83213043,,,,,,,89.3273468,,,,,93.56049347,88.55033112,91.93766785,93.84545898,92.50527954,,,,,
High income,HIC,"School enrollment, primary, female (% net)",SE.PRM.NENR.FE,,,,,,,,,,,,,,,,,,,,,,,,,,,,,,,,,,,,,,94.53022766,95.62268066,95.53614044,95.54640198,95.78009796,95.1522522,95.16152191,94.7385788,94.99143982,95.60812378,96.06163788,96.52095032,96.29350281,95.97624207,95.87962341,95.76450348,95.52768707,95.71015167,96.25395966,96.16506195,
"Hong Kong SAR, China",HKG,"School enrollment, primary, female (% net)",SE.PRM.NENR.FE,,,,,,,,,,,,86.55893707,87.87516022,87.99468231,89.41822052,91.20224762,93.03627014,94.3775177,93.98071289,94.39427948,98.17881775,97.74099731,97.62883759,97.45030975,96.71333313,95.48571777,,,,,,,,,,94.00592041,93.14868164,,,,,,,,,,,,,,,,93.65963745,92.78308105,93.22058105,92.72641754,96.52143097,
Honduras,HND,"School enrollment, primary, female (% net)",SE.PRM.NENR.FE,,,,,,,,,,,,,,,,,,,,75.3451767,75.71248627,,85.6314621,87.75414276,89.00379944,,89.97811127,,,,,86.78022003,,88.09316254,,,,,,,86.13878632,,,87.56915283,88.06665802,86.83065796,91.83316803,86.64674377,90.48200989,89.24049377,89.40749359,89.78716278,86.38803864,82.64347076,82.09980774,81.54296875,83.3968277,
Heavily indebted poor countries (HIPC),HPC,"School enrollment, primary, female (% net)",SE.PRM.NENR.FE,,,,,,,,,,,,,,,,,,,,,,,,,,,,,,,,42.40848923,41.60728836,41.53736877,42.60824966,44.22412109,44.01992035,46.88774109,47.63320923,47.98550034,49.96908951,52.70603943,56.23490143,59.37886047,62.26860809,64.7503891,67.3864975,69.32483673,72.88175201,73.10334778,73.19229126,74.48410797,75.72097015,76.82520294,77.54534149,77.35756683,77.4592514,
Croatia,HRV,"School enrollment, primary, female (% net)",SE.PRM.NENR.FE,,,,,,,,,,,,,,,,,,,,,,,,,,,,,,,,,,,,,,,83.75131989,85.56072235,87.18241882,89.2650528,91.15119934,,,90.17738342,89.79772186,89.52863312,88.07556152,85.82122803,85.64411926,87.37991333,88.81549072,88.59294128,88.29945374,88.52250671,87.45124817,
Haiti,HTI,"School enrollment, primary, female (% net)",SE.PRM.NENR.FE,,,,,,,,,,,,,,,,,,,,,,36.59371185,41.03726959,45.91036987,42.59341049,47.05760956,50.00360107,42.51393127,,,,,,,,,,56.87638092,,,,,,,,,,,,,,,,,,,,
Hungary,HUN,"School enrollment, primary, female (% net)",SE.PRM.NENR.FE,,,,,,,,,,,,,,,,,,,,,,,,,,,,,,,,,,,,,77.30680084,86.2486496,86.40550232,86.70079803,87.47225189,88.03083038,88.32646179,87.92793274,87.92536163,88.39466858,89.80288696,88.90937042,90.46746826,91.42088318,91.68321228,91.11267853,90.37844849,90.20384216,90.50579834,90.63481903,90.79702759,
IBRD only,IBD,"School enrollment, primary, female (% net)",SE.PRM.NENR.FE,,,,,,,,,,,,,,69.81851196,,,,,,,,,,,,,,81.20781708,,,,83.98364258,83.59895325,84.02349091,84.31018829,83.79692078,84.01130676,83.61412048,84.73921967,86.30555725,86.97119904,87.33223724,88.42674255,90.90273285,91.76249695,91.2824707,91.67516327,92.76406097,93.34705353,93.59010315,93.79538727,93.72516632,93.68824005,93.24340057,93.1671524,93.33763885,93.37225342,
IDA & IBRD total,IBT,"School enrollment, primary, female (% net)",SE.PRM.NENR.FE,,,,,,,,,,,58.33074951,57.8027916,59.09193039,62.76005173,,,,,64.67616272,65.0195694,66.39505005,67.70231628,,,,,72.53942871,73.14276123,,,,75.32411194,75.1146698,75.5194397,75.87306213,75.57614899,75.5003891,75.7110672,76.61522675,77.79958344,78.72612,79.18945313,80.36833954,82.67941284,84.06799316,84.19917297,84.81475067,86.01271057,86.47566223,86.83457947,87.04772949,87.28246307,87.51351929,87.37727356,87.44319153,87.43144989,87.50074768,
IDA total,IDA,"School enrollment, primary, female (% net)",SE.PRM.NENR.FE,,,,,,,,,,,,,33.20663834,36.16067886,,,,42.94395828,44.11994171,46.53195953,48.36027908,49.82088089,50.40988159,50.82629013,50.97883987,50.22901154,49.16730118,48.82019043,50.11791992,49.88904953,49.83420944,51.06024933,51.62466049,52.18162155,52.8461113,53.17232895,52.39809036,54.30260086,55.04782867,55.71562958,57.91621017,59.52423859,61.70019913,64.21942139,66.67359161,68.68231201,70.20104218,72.03257751,72.65976715,73.61656952,74.0921936,75.22177124,76.17337036,76.3394928,76.75244904,76.58676147,76.86467743,
IDA blend,IDB,"School enrollment, primary, female (% net)",SE.PRM.NENR.FE,,,,,,,,,,,,,,,,,,,,,,,,,,,,,,,,,,,,,,,54.18730164,55.96617889,58.08697128,58.76385117,58.71570969,61.27708817,63.48690033,64.82523346,64.60936737,67.54837036,65.1838913,66.78578186,67.97393799,69.05312347,69.42520142,68.84411621,69.58605194,69.69436646,70.81429291,
Indonesia,IDN,"School enrollment, primary, female (% net)",SE.PRM.NENR.FE,,,,,,,,,,,,64.97763824,66.10897827,,63.63711166,68.58421326,71.8094635,,80.86282349,,,85.50803375,,,,,,96.61062622,,96.25901794,94.74794769,93.89954376,92.86408997,91.77014923,92.09751129,91.75800323,91.29367828,91.21585846,,,,91.29025269,90.83541107,89.7430191,88.79788971,87.42256927,90.2489624,92.01232147,92.60283661,93.45852661,95.54429626,96.59954834,93.57105255,90.51213074,88.27731323,,88.16504669,
IDA only,IDX,"School enrollment, primary, female (% net)",SE.PRM.NENR.FE,,,,,,,,,,,,,,,,,,43.56333923,,,47.37546921,47.87852859,47.11117172,47.24074936,,,,,,,49.42873001,51.12985992,51.41817856,51.49464035,52.47008896,53.41056061,53.4469986,55.26351929,55.46123886,55.59585953,57.83525085,59.88130951,63.09083939,65.58927155,68.14662933,70.45514679,72.75219727,74.06572723,76.02559662,76.67014313,76.81217194,77.95716095,79.18023682,79.69914246,79.97460938,79.71972656,79.64045715,
Isle of Man,IMN,"School enrollment, primary, female (% net)",SE.PRM.NENR.FE,,,,,,,,,,,,,,,,,,,,,,,,,,,,,,,,,,,,,,,,,,,,,,,,,,,,,,,,,,
India,IND,"School enrollment, primary, female (% net)",SE.PRM.NENR.FE,,,,,,,,,,,,48.17945862,,,,,,,,,,,,,,,,,,,65.41462708,,,,,,,,,,72.78913116,73.15606689,73.54107666,82.63128662,,,,90.59161377,91.63906097,92.02010345,92.09023285,91.82180023,92.24556732,92.91449738,,,,
Not classified,INX,"School enrollment, primary, female (% net)",SE.PRM.NENR.FE,,,,,,,,,,,,,,,,,,,,,,,,,,,,,,,,,,,,,,,,,,,,,,,,,,,,,,,,,,
Ireland,IRL,"School enrollment, primary, female (% net)",SE.PRM.NENR.FE,,,,,,,,,,,,95.40637207,93.97151947,94.20671082,93.55903625,94.38497162,95.38036346,96.09866333,96.52774048,95.57668304,93.75140381,91.12001038,88.36566162,86.51605988,,,85.57311249,86.34008026,87.44348145,88.24118805,88.85591888,88.21392822,87.30381775,87.02557373,87.1758194,87.49105835,88.27832031,,94.12796783,,,,,,,,,,,,94.9986496,98.99067688,95.09140015,94.97009277,94.98384857,,,
"Iran, Islamic Rep.",IRN,"School enrollment, primary, female (% net)",SE.PRM.NENR.FE,,,,,,,,,,,,,,,,,,,,,,,,,74.23436737,75.61128998,77.53018951,78.36171722,80.54680634,82.23571777,88.1602478,,93.39816284,,,,,91.14893341,,83.68193817,83.30799103,,91.23779297,91.0464325,94.21994781,94.41782379,,99.1913681,,,,,,,,,,
Iraq,IRQ,"School enrollment, primary, female (% net)",SE.PRM.NENR.FE,,,,,,,,,,,,34.97415161,36.45203018,38.63505173,41.14113998,44.23168182,51.15587997,55.19728088,58.83058167,81.22151184,88.06452179,88.81896973,,84.59129333,,82.07028961,82.82904053,84.27256775,86.24639893,83.57839203,,,,73.76116943,,,71.12847137,,,83.04125977,82.05638885,,,,86.69342804,,,86.59844971,,,,,,,,,,
Iceland,ISL,"School enrollment, primary, female (% net)",SE.PRM.NENR.FE,,,,,,,,,,,,,,,,,,,,,,,,,,,,,,,,,,,97.32543182,,98.44094849,98.86128235,99.05043793,,,,,97.19316101,95.40354156,95.59117126,96.76468658,98.35124207,99.50552368,,99.52136993,98.90911865,98.35787201,97.71533203,97.65390015,98.52406311,,
Israel,ISR,"School enrollment, primary, female (% net)",SE.PRM.NENR.FE,,,,,,,,,,,,,,,,,,,,,,,,,,,,,,,,,,,,,,,,97.28765106,97.56263733,98.32343292,98.00695801,98.11373901,97.8574295,97.81465912,97.47982025,97.70108032,97.62313843,97.23898315,97.60687256,97.22162628,97.82936096,97.36617279,97.20484161,97.7638092,97.48191071,
Italy,ITA,"School enrollment, primary, female (% net)",SE.PRM.NENR.FE,,,,,,,,,,,,,,,,,99.04720306,,,99.45304108,,,,,,99.12333679,,,,,,,,,,,97.73162842,98.77069092,,,98.51087189,98.58554077,98.5276413,98.30451965,98.35761261,98.04206848,97.97675323,97.88987732,97.59966278,96.95581818,97.02375031,96.4444809,96.72270203,97.20442963,97.09021759,96.9447937,,
Jamaica,JAM,"School enrollment, primary, female (% net)",SE.PRM.NENR.FE,,,,,,,,,,,,,,,,96.26226044,93.66973877,94.38938904,,98.11637878,98.47364807,97.68110657,,99.00862122,97.78643799,96.86997986,97.01413727,97.4886322,95.02542114,98.79563141,97.65283203,96.04602051,,91.72975159,,,,,,90.21479797,91.46592712,91.50324249,91.44664001,90.30317688,92.00079346,,,,,,,,,,,,,
Jordan,JOR,"School enrollment, primary, female (% net)",SE.PRM.NENR.FE,,,,,,,,,,,,,80.72676849,86.3739624,,,,,94.96322632,95.23738861,91.56150818,90.19287109,89.6978302,87.79006195,87.57933807,89.57324219,,,,,,,,,,,,,,88.37854767,89.25036621,,91.58310699,93.22988129,93.31588745,,,,,,,,,,,,,
Japan,JPN,"School enrollment, primary, female (% net)",SE.PRM.NENR.FE,,,,,,,,,,,,99.61670685,99.14922333,98.6023407,96.90222168,97.93131256,98.77884674,99.15267181,98.66204834,98.86411285,,99.50469971,98.59512329,98.31089783,98.53707886,99.47870636,,,,,,99.525177,99.22129059,,99.76139832,,,,98.25311279,97.99326324,97.95494843,98.14473724,98.93393707,99.53624725,,,,,,,99.560112,99.41374207,99.17324066,98.87754822,98.50649261,98.96357727,,
Kazakhstan,KAZ,"School enrollment, primary, female (% net)",SE.PRM.NENR.FE,,,,,,,,,,,,,,,,,,,,,,,,,,,,,,,,,,,,,,,,,86.15579224,88.34377289,90.1134491,91.19535828,91.9030838,90.47525787,88.89961243,88.37484741,89.76004028,88.99993134,,87.68946838,85.96679688,85.73029327,85.99655914,85.8207016,87.13858032,86.28514862
Kenya,KEN,"School enrollment, primary, female (% net)",SE.PRM.NENR.FE,,,,,,,,,,,,,,,,,,,,,,,,,,,,,,,,,,,,,,,,62.38615036,65.72602844,66.71510315,60.88166046,72.03907013,70.45762634,71.35172272,70.83145905,80.36818695,77.04392242,78.24784088,,,83.58110809,,,,,
Kyrgyz Republic,KGZ,"School enrollment, primary, female (% net)",SE.PRM.NENR.FE,,,,,,,,,,,,,,,,,,,,,,,,,,,,,,,,,,,,,90.46040344,,,86.57424927,85.60047913,85.77826691,85.60225677,84.7405777,89.7628479,87.15647888,88.06999969,86.92665863,86.8549118,86.39308929,86.65881348,86.75615692,89.7532196,89.5246582,89.02230835,88.69393158,88.61180878,
Cambodia,KHM,"School enrollment, primary, female (% net)",SE.PRM.NENR.FE,,,,,,,,,,,,,,,,,,,,,,,,,,,,,,,,,,,,,,76.30155182,78.29168701,81.34963989,87.08099365,,,95.43197632,,,94.00131989,93.99542999,92.70777893,,92.69281006,95.21824646,95.08708191,,94.01114655,96.58637238,92.75296783,
Kiribati,KIR,"School enrollment, primary, female (% net)",SE.PRM.NENR.FE,,,,,,,,,,,,,,,,,,,,,,,,,,98.88117218,98.53486633,94.76402283,,98.40106964,,,,,,,,,,,,,,,,,,,,,,,,,,,,
St. Kitts and Nevis,KNA,"School enrollment, primary, female (% net)",SE.PRM.NENR.FE,,,,,,,,,,,,,,,,,,,,,,,,,,,,,,,,,,,,,,,,,,,,,,,,,,,,,,,,,,
"Korea, Rep.",KOR,"School enrollment, primary, female (% net)",SE.PRM.NENR.FE,,,,,,,,,,,,94.12286377,96.13217163,95.46881866,95.23983765,95.94753265,97.01802826,96.29467773,96.8001709,98.5729599,99.99430847,,,,99.3635788,98.89070129,98.5867691,99.7382431,,,,,,,,,,,99.3273468,99.85018158,99.75404358,98.39518738,97.84343719,98.43685913,98.00943756,99.11071014,99.1678009,99.32042694,99.51629639,99.51384735,98.55384827,99.18424988,97.70575714,94.84575653,95.02352142,97.0823822,,
Kuwait,KWT,"School enrollment, primary, female (% net)",SE.PRM.NENR.FE,,,,,,,,,,,,54.87697983,60.34949875,63.43638992,63.17539978,64.00846863,66.24823761,71.44010925,77.03154755,75.25174713,76.95332336,78.55792999,79.96347046,83.28170776,84.71128082,84.62729645,84.25261688,79.61187744,78.49820709,,,,46.59157944,,67.64691162,,85.32331085,83.97429657,,85.1640625,85.87909698,88.53546143,93.61332703,,93.40408325,94.510849,,90.41954803,91.36308289,,91.67591858,92.69080353,92.95432281,92.98091125,93.15428925,93.33931732,92.19889832,
Latin America & Caribbean (excluding high income),LAC,"School enrollment, primary, female (% net)",SE.PRM.NENR.FE,,,,,,,,,,,81.17694092,81.59597015,82.16230774,82.93256378,83.60603333,83.80941772,84.49256134,85.49861145,86.06846619,87.60553741,87.89125824,88.83844757,88.90879822,88.99878693,89.03170776,89.39893341,89.4420166,89.72689819,89.61518097,88.99329376,89.59812164,90.02243805,90.92608643,91.21169281,90.79844666,90.8053894,91.31256104,90.55513763,92.6628418,93.17878723,93.98184967,94.47538757,94.06759644,93.24931335,93.44094849,93.99382782,93.5476532,93.26724243,94.27205658,94.71800232,94.89009857,95.01381683,94.8950119,92.93202972,93.07450104,93.14346313,93.08380127,
Lao PDR,LAO,"School enrollment, primary, female (% net)",SE.PRM.NENR.FE,,,,,,,,,,,,,,,,,,,,,,,,,,,,,,,,,53.7089119,58.07304001,61.55953979,,64.43769073,67.12213135,70.37349701,71.36515808,72.24403381,71.86952209,72.97132111,75.58479309,76.83055878,78.34120178,79.84169769,82.71515656,85.55738068,88.49115753,93.16673279,93.5947113,93.65615082,95.81186676,96.38638306,95.0345993,93.98029327,
Lebanon,LBN,"School enrollment, primary, female (% net)",SE.PRM.NENR.FE,,,,,,,,,,,,,,,,,,,,,,,,,,,,,,,,,,,,,,83.00847626,,,,,,94.1362915,91.43444061,86.99490356,84.57971954,85.768013,86.59999084,87.36136627,88.42008209,87.72209167,84.55589294,83.55589294,79.47058868,79.04837799,79.38842773,
Liberia,LBR,"School enrollment, primary, female (% net)",SE.PRM.NENR.FE,,,,,,,,,,,,,,,,,,,,,,,,,,,,,,,,,,,,,,,,40.83953094,,,,,,,35.26358032,,41.39889145,38.41511154,,39.60509109,,,36.83086014,36.35015869,,
Libya,LBY,"School enrollment, primary, female (% net)",SE.PRM.NENR.FE,,,,,,,,,,,,63.98009872,74.03251648,,,,,,90.31429291,,,94.12281799,,,,,,,,,,,,,,,,,,,,,,,,,,,,,,,,,,,,
St. Lucia,LCA,"School enrollment, primary, female (% net)",SE.PRM.NENR.FE,,,,,,,,,,,,,,,,,,,,,,97.08857727,97.80584717,,,,,,,,95.91661835,,,,,,,,,,87.14565277,87.39095306,96.01007843,94.22978973,92.26528931,90.07279205,92.48255157,91.94287109,,,,,,,,,,
Latin America & Caribbean,LCN,"School enrollment, primary, female (% net)",SE.PRM.NENR.FE,,,,,,,,,,,82.17733765,82.56607056,83.07135773,83.78926086,84.37586212,84.56210327,85.22608185,86.17146301,86.68544006,88.08489227,88.32012177,89.28566742,89.25771332,89.27871704,89.22097015,89.59152222,89.59133911,89.82055664,89.68055725,89.09465027,89.68364716,90.06490326,90.84291077,91.11087036,90.70832062,90.71331787,91.19747925,89.68216705,92.6128006,93.16687775,93.9386673,94.39386749,93.99726105,93.18807983,93.48547363,93.99664307,93.57563782,93.31060028,94.27152252,94.6473999,94.84107208,94.88507843,94.76000214,92.85669708,92.9752121,93.06764221,93.04495239,
Least developed countries: UN classification,LDC,"School enrollment, primary, female (% net)",SE.PRM.NENR.FE,,,,,,,,,,,,,,,,,,,,,,,,,,,,,,,,48.73735046,48.93519974,49.13911057,50.0571785,51.13190842,51.16939163,53.13777924,53.3833313,53.57453918,55.97203827,58.25992966,61.68085861,64.72299194,67.49207306,69.99778748,72.54431152,73.82369232,75.79795074,76.5225296,76.4421463,77.28530884,78.52668762,79.45790863,79.73329163,79.28978729,79.07131195,
Low income,LIC,"School enrollment, primary, female (% net)",SE.PRM.NENR.FE,,,,,,,,,,,,,,27.53597069,28.8267498,31.09174919,33.56203842,35.80707169,37.36809158,38.72404099,41.35923004,42.24753952,41.35601044,42.32559967,42.10160828,41.62324142,41.85145187,40.69754028,41.05189133,40.63024902,39.55878067,41.33591843,40.59621811,40.66564941,41.80170059,43.62424088,43.65932083,46.84627151,47.23102188,47.63092041,49.89889145,52.37878036,56.48727036,59.901371,62.7257309,65.21948242,68.43267822,70.36190796,73.53646851,74.19181061,73.92941284,75.05886078,76.22994995,76.95503998,77.38111877,76.71730042,76.67700195,
Liechtenstein,LIE,"School enrollment, primary, female (% net)",SE.PRM.NENR.FE,,,,,,,,,,,,,,,,,,,,,,,,,,,,,,,,,,,,,,,,,,,,,,,,,,,,,,,90.1181488,,,
Sri Lanka,LKA,"School enrollment, primary, female (% net)",SE.PRM.NENR.FE,,,,,,,,,,,,,,,,,,,,,,,,,,,,,,,,,,,,,,,,,,,,99.71350861,,97.23767853,96.33673096,95.89328003,95.11074829,92.5946579,94.09609985,94.06604767,94.35990143,95.35749817,96.2753067,,,
Lower middle income,LMC,"School enrollment, primary, female (% net)",SE.PRM.NENR.FE,,,,,,,,,,,50.96419907,50.61117935,,54.38153076,,,,,,,60.46981049,62.04489899,,,,,,65.79975128,67.22722626,68.85111237,68.48742676,68.71447754,68.99356842,70.31600952,71.51753998,71.07086945,71.20530701,71.22476959,71.20024109,72.06752777,73.63577271,74.29785156,74.74253845,79.01901245,80.521492,81.71270752,82.79312134,84.5705719,84.69178009,85.40888977,86.11966705,86.39610291,86.63642883,86.48072815,86.38780212,86.59632874,86.79754639,
Low & middle income,LMY,"School enrollment, primary, female (% net)",SE.PRM.NENR.FE,,,,,,,,,,,57.93410873,57.43246078,58.76208115,62.48897934,,,,,64.54273987,64.88674164,66.26186371,67.54855347,,,,70.87783813,72.35054016,72.95520782,,,,75.18039703,74.9887085,75.39344025,75.76078033,75.47757721,75.41001129,75.68943787,76.51275635,77.70748138,78.64219666,79.10888672,80.29940796,82.6259079,84.01512146,84.15248871,84.77323914,85.97827911,86.44898224,86.81768036,87.01904297,87.24931335,87.47342682,87.32495117,87.38024902,87.35458374,87.42147064,
Lesotho,LSO,"School enrollment, primary, female (% net)",SE.PRM.NENR.FE,,,,,,,,,,,73.12145996,,68.95809937,68.76542664,77.71228027,,78.67636871,79.96996307,72.22338104,73.8997879,73.5682373,72.97187042,76.92272949,75.86855316,76.69902039,78.96872711,79.13204956,81.21386719,82.47335052,81.49278259,79.8270874,81.62651062,81.6166687,78.57234192,79.03019714,76.83424377,77.08674622,,67.36720276,62.7034111,82.98841095,83.048172,82.90057373,83.10198212,80.30641937,79.40865326,79.51728821,76.68486786,77.7926712,78.62680054,79.90720367,81.09288788,82.46324158,80.54656982,81.00005341,80.72981262,81.10061646,
Late-demographic dividend,LTE,"School enrollment, primary, female (% net)",SE.PRM.NENR.FE,,,,,,,,,,,,,,,,,,,,,,,,,,,86.1348114,89.8951416,,,,91.68174744,91.25029755,90.77703094,90.01905823,89.28787231,89.04776764,88.90213013,91.55963135,94.03721619,94.5030365,94.78671265,97.08899689,96.99980927,97.40022278,95.52784729,94.8132782,95.39373016,95.94148254,96.0791626,95.94647217,95.91890717,95.93450165,95.11959839,95.44966888,95.45063019,95.55783081,
Lithuania,LTU,"School enrollment, primary, female (% net)",SE.PRM.NENR.FE,,,,,,,,,,,,,,,,,,,,,,,,,,,,,,,,,,,,,,,94.54560089,92.90228271,95.35334778,95.12223816,92.93589783,90.29483032,87.54631042,88.04743958,90.56326294,93.22428894,94.00527954,95.00186157,95.75063324,94.84401703,95.56345367,96.38774872,97.76013184,97.89520264,98.02983093,
Luxembourg,LUX,"School enrollment, primary, female (% net)",SE.PRM.NENR.FE,,,,,,,,,,,,,91.80700684,90.9604187,92.564888,91.61810303,91.29714966,91.47229767,90.96099091,,,79.01426697,85.05187225,83.21852112,82.16015625,,82.38877869,79.43544769,86.13674164,,,,,,,,,,,97.13655853,96.74893951,96.25154114,96.25279999,95.19081116,95.92661285,96.71549988,96.99141693,97.01570892,96.48635101,,93.77858734,93.1244278,93.08799744,93.1020813,93.14047241,94.78643799,,
Latvia,LVA,"School enrollment, primary, female (% net)",SE.PRM.NENR.FE,,,,,,,,,,,,,,,,,,,,,,,,,,,,,,,,,,,,,,,,92.77172089,,,,,,,,,95.91928864,97.64827728,98.15943909,98.16036224,98.01439667,96.79673004,94.67053223,94.95839691,,
"Macao SAR, China",MAC,"School enrollment, primary, female (% net)",SE.PRM.NENR.FE,,,,,,,,,,,,,,,,,,,,,,,,,,,,,,,90.43813324,,85.20491028,,,,,,,87.61161804,86.47149658,84.18647766,84.20472717,84.40886688,84.36457062,84.58776855,85.15293884,85.9156723,85.98332977,85.27584839,85.46154785,86.73554993,88.37354279,90.67788696,94.95744324,98.03817749,99.02526093,
St. Martin (French part),MAF,"School enrollment, primary, female (% net)",SE.PRM.NENR.FE,,,,,,,,,,,,,,,,,,,,,,,,,,,,,,,,,,,,,,,,,,,,,,,,,,,,,,,,,,
Morocco,MAR,"School enrollment, primary, female (% net)",SE.PRM.NENR.FE,,,,,,,,,,,,,,,,30.47916985,33.41222,35.63037109,38.22895813,40.35440063,42.66450882,45.20917892,46.03731918,48.41331863,50.52138138,49.64992905,48.32217026,46.90129089,45.81647873,44.44028091,45.6797905,45.6243515,46.52732849,48.74483871,51.65084839,54.6907692,57.28802109,59.17649078,60.08084106,66.02147675,71.7219162,76.72015381,81.54044342,83.32801819,83.46810913,84.54611969,85.89840698,87.48758698,88.335289,88.58673096,91.55104065,92.70007324,92.03016663,92.73085022,92.8453064,,94.31526184,
Monaco,MCO,"School enrollment, primary, female (% net)",SE.PRM.NENR.FE,,,,,,,,,,,,,,,,,,,,,,,,,,,,,,,,,,,,,,,,,,,,,,,,,,,,,,,,,,
Moldova,MDA,"School enrollment, primary, female (% net)",SE.PRM.NENR.FE,,,,,,,,,,,,,,,,,,,,,,,,,,,,,,,,,,,,,,,,,88.51682281,91.24835968,90.93192291,92.23458862,92.07621765,90.62145996,87.74713898,87.03106689,86.94637299,86.81535339,87.40029907,87.08557892,87.60778809,87.6292038,86.77036285,86.17301941,,
Madagascar,MDG,"School enrollment, primary, female (% net)",SE.PRM.NENR.FE,,,,,,,,,,,,,63.03419113,,,,,,,,,,,,,,,,,64.8599472,63.84127045,,,,,57.54389191,56.99922943,,,64.84194946,66.44846344,67.59960175,68.30171967,77.78632355,,,,,,,,,,,,,,
Maldives,MDV,"School enrollment, primary, female (% net)",SE.PRM.NENR.FE,,,,,,,,,,,,,,,,,,,,,,,,,,,,,,,,,,,,,,93.22033691,,95.31646729,97.06958008,97.25971985,97.67101288,,,97.34993744,96.93759155,96.92141724,95.37187195,94.7469101,,,,,,96.13619995,98.87203979,
Middle East & North Africa,MEA,"School enrollment, primary, female (% net)",SE.PRM.NENR.FE,,,,,,,,,,,45.04227066,44.97649002,48.0393219,,,,,,,,,,,,,,,,,,,,,,77.07462311,75.70281982,78.26512146,78.2333374,78.13890076,78.50858307,79.51965332,81.95236969,84.07662201,85.1074295,86.5079422,86.72899628,87.45079041,89.65605164,90.31742096,90.84089661,92.3117218,92.29385376,93.4132309,91.72058105,91.19335938,91.44860077,91.64243317,
Mexico,MEX,"School enrollment, primary, female (% net)",SE.PRM.NENR.FE,,,,,,,,,,,,78.88155365,,,,,,,,,,,,,,,,,,,,,,,,,,95.85874176,96.16893005,96.99497223,97.5223999,97.86805725,97.58802795,97.61688995,97.11724854,95.96560669,94.98699188,94.79985809,94.80007172,95.49941254,96.5326004,97.63527679,98.1623764,97.86089325,97.14546967,96.47329712,96.17723083,
Marshall Islands,MHL,"School enrollment, primary, female (% net)",SE.PRM.NENR.FE,,,,,,,,,,,,,,,,,,,,,,,,,,,,,,,,,,,,,,,,,,,94.81252289,,,,,,,,,,,,,79.47097015,79.64724731,
Middle income,MIC,"School enrollment, primary, female (% net)",SE.PRM.NENR.FE,,,,,,,,,,,61.06319046,60.4545517,61.7248497,65.66996002,,,,,,,68.5921402,69.99092865,,,,,75.58992767,76.49800873,,,,79.18016052,79.10591125,79.60392761,79.91964722,79.4021225,79.33751678,79.29077148,80.2804718,81.68991852,82.57533264,82.93711853,83.86000061,86.17447662,87.35028076,87.21974945,87.51119995,88.68010712,88.75811768,89.14597321,89.49340057,89.61054993,89.69673157,89.40989685,89.42240143,89.56217957,89.68373871,
"Macedonia, FYR",MKD,"School enrollment, primary, female (% net)",SE.PRM.NENR.FE,,,,,,,,,,,,,,,,,,,,,,,,,,,,,,,,,,,,,,,90.07832336,89.78211975,89.27671051,88.59584808,88.37650299,86.88503265,86.67899323,86.5843277,85.81162262,84.89379883,84.46456146,84.37255859,84.73737335,,83.89276123,88.16307831,88.74445343,91.53961182,,
Mali,MLI,"School enrollment, primary, female (% net)",SE.PRM.NENR.FE,,,,,,,,,,,,12.79986954,,,,,,,,,,,,,,,,,,,,,,,,,,,,36.84432983,,,44.74728012,44.69488907,46.97232056,49.96266937,51.73643112,54.07329178,,58.10205078,59.07601929,60.09577179,58.37995148,,55.65193939,51.98751068,53.29042053,
Malta,MLT,"School enrollment, primary, female (% net)",SE.PRM.NENR.FE,,,,,,,,,,,,81.98232269,80.2292099,79.24593353,80.48399353,82.74871063,87.15924072,92.82199097,95.16738892,96.37915802,93.63069916,91.60442352,93.07395172,89.7712326,91.15428925,94.23458862,94.09001923,92.8575592,93.45329285,94.76648712,96.00354004,96.16026306,95.95493317,96.21948242,95.20374298,95.59253693,98.48475647,99.78320313,,,,,,,,,,,,,,99.00379944,98.09892273,99.66078186,99.66671753,99.71539307,,
Myanmar,MMR,"School enrollment, primary, female (% net)",SE.PRM.NENR.FE,,,,,,,,,,,,60.16965103,,66.40254211,58.93542099,,,,64.26560211,,,,,,,,,,,,,,,,,,,,,,91.17327118,92.47718811,90.94117737,92.92707062,91.46523285,91.52600861,90.62947845,,91.3549881,89.33432007,89.07250977,,,,,,,
Middle East & North Africa (excluding high income),MNA,"School enrollment, primary, female (% net)",SE.PRM.NENR.FE,,,,,,,,,,,44.89144897,44.84526825,48.08478928,,,,,,,,,,,,,,,,,,,,,,78.20600128,76.46494293,79.11212158,78.90384674,78.63742828,78.86425018,79.83055115,82.39592743,84.61829376,85.63523865,87.07318878,87.11425018,87.72190094,89.94999695,90.47003174,90.83174896,91.89656067,91.8563385,92.81704712,91.06260681,90.48734283,90.61734009,91.05097198,
Montenegro,MNE,"School enrollment, primary, female (% net)",SE.PRM.NENR.FE,,,,,,,,,,,,,,,,,,,,,,,,,,,,,,,,,,,,,,,,,,,,97.3285675,,97.8375473,97.92022705,95.88453674,95.68817139,,,91.99089813,96.93396759,,,93.78608704,92.48705292,
Mongolia,MNG,"School enrollment, primary, female (% net)",SE.PRM.NENR.FE,,,,,,,,,,,,,,,,,,,,,,,,,,,,,,,,,,,,81.91029358,85.2335434,86.28047943,87.53379822,88.72270966,90.56030273,91.9068222,90.00077057,82.82067871,86.86930084,88.03894806,91.58049774,88.48648071,86.57042694,95.02001953,96.62851715,97.18551636,96.50673676,93.93920135,94.33265686,96.06047058,97.00050354,
Northern Mariana Islands,MNP,"School enrollment, primary, female (% net)",SE.PRM.NENR.FE,,,,,,,,,,,,,,,,,,,,,,,,,,,,,,,,,,,,,,,,,,,,,,,,,,,,,,,,,,
Mozambique,MOZ,"School enrollment, primary, female (% net)",SE.PRM.NENR.FE,,,,,,,,,,,,,,23.4929409,,,,,,33.49129105,,32.06663132,31.97979927,42.72612,,46.1283493,45.48978043,42.3161087,,38.92063141,,38.08840179,36.63871002,35.29898071,36.03636169,38.01874924,,,42.26586914,45.98460007,49.82297134,54.34476852,51.56747055,,64.27739716,69.38569641,73.43430328,78.42297363,82.07324219,83.77838135,85.2497406,83.52866364,83.90072632,84.97366333,86.02140808,87.26410675,,
Mauritania,MRT,"School enrollment, primary, female (% net)",SE.PRM.NENR.FE,,,,,,,,,,,,,,,,,,,,,,,,,,,,,,,,,,,42.83884048,48.85517883,52.98638916,,58.16881943,58.22673035,58.38285828,61.37538147,61.44960022,64.73854828,72.13677216,71.0717926,73.44354248,74.49806213,71.60887909,70.73027802,71.14692688,71.72783661,71.13900757,73.75427246,75.56536865,,72.71341705,
Mauritius,MUS,"School enrollment, primary, female (% net)",SE.PRM.NENR.FE,,,,,,,,,,,,,78.16314697,78.51882935,78.78632355,79.46034241,79.30351257,82.55523682,80.34449768,77.72450256,78.57369995,82.27868652,88.10684204,91.24488831,94.8332901,,98.66191864,,,,97.79685211,93.33277893,,93.37677002,94.10458374,95.03594971,97.05766296,97.95838928,95.93269348,92.9833374,93.36483002,93.23001862,94.97782898,94.53465271,95.10044861,96.57959747,96.70893097,97.14600372,97.09073639,97.32627869,97.56976318,97.63510132,94.65525055,97.22242737,97.32443237,97.17082977,96.05909729,
Malawi,MWI,"School enrollment, primary, female (% net)",SE.PRM.NENR.FE,,,,,,,,,,,,,,,,,,,,,,,,,,,,,,,,,,,,,,,,93.50183868,,,,,98.28243256,97.74226379,96.72173309,92.79131317,98.61683655,98.0943985,,,,,,,,
Malaysia,MYS,"School enrollment, primary, female (% net)",SE.PRM.NENR.FE,,,,,,,,,,,83.22608948,84.06703186,85.03585052,,,,,,,,,,,,,,,,,,,,,,97.46788025,,,,95.50405884,94.85430908,98.47940826,97.8168869,96.52967834,97.02876282,99.40606689,99.73287964,96.94872284,96.37177277,95.65814209,97.80690765,96.8168335,98.17828369,99.477211,,,99.63497925,98.80050659,
North America,NAC,"School enrollment, primary, female (% net)",SE.PRM.NENR.FE,,,,,,,,,,,,,,,,,,,,,,,,,,92.95903778,,,,,,,,96.52410889,96.228302,96.79680634,95.9871521,95.85681152,95.6856308,95.2614975,95.17862701,95.80458832,94.00073242,93.76804352,92.64823151,93.06787872,94.48503113,95.38311768,95.94032288,95.17887115,93.49597168,93.22046661,92.63806915,92.42410278,93.21800995,94.01541901,94.02464294,
Namibia,NAM,"School enrollment, primary, female (% net)",SE.PRM.NENR.FE,,,,,,,,,,,,,,,,,,,,,,,,,,,,,,82.34889221,82.36998749,,85.0068512,,,,,,88.56894684,88.93234253,89.55773163,89.83374786,91.26838684,90.99584198,88.58579254,88.84287262,87.3035965,88.5401001,87.45028687,87.25705719,86.93092346,,88.66705322,90.6729126,,,,
New Caledonia,NCL,"School enrollment, primary, female (% net)",SE.PRM.NENR.FE,,,,,,,,,,,,,,,,,,,,,,,,,,,,,,,,,,,,,,,,,,,,,,,,,,,,,,,,,,
Niger,NER,"School enrollment, primary, female (% net)",SE.PRM.NENR.FE,,,,,,,,,,,,,,7.59073019,8.188670158,,,,,,,,,,,,16.53224945,,,16.47077942,16.88336945,17.3982296,16.02059937,,,,,18.56847,19.14866066,20.65332031,21.61453056,24.43304062,27.18984985,30.52898979,33.42749023,34.26406097,35.20450974,36.63858032,41.03588867,44.81248093,48.06998062,52.75952911,54.88877869,55.57287979,55.40834045,56.78456116,58.81196976,
Nigeria,NGA,"School enrollment, primary, female (% net)",SE.PRM.NENR.FE,,,,,,,,,,,,,,,,,,,,,,,,,,,,,,,,,,,,,,,,56.270401,59.14799118,,,,61.4708786,62.11082077,63.23735809,62.6805687,56.71834183,57.84093094,58.07133865,,,,,,,
Nicaragua,NIC,"School enrollment, primary, female (% net)",SE.PRM.NENR.FE,,,,,,,,,,,,56.57622147,,57.18711853,,,,,,,65.59223938,,64.04936981,64.69743347,62.80759811,68.35769653,67.15174103,68.64296722,69.20707703,67.26952362,69.15210724,71.49159241,75.41716003,76.01281738,76.81690979,75.14666748,,,,79.66684723,82.72473907,86.01676178,92.0537796,,,,97.34548187,97.19793701,,,98.04685211,,,,,,,
Netherlands,NLD,"School enrollment, primary, female (% net)",SE.PRM.NENR.FE,,,,,,,,,,,,93.77311707,93.07325745,92.58248901,91.77905273,91.64943695,92.64697266,93.13347626,93.67655182,94.35817719,94.52062225,94.00624847,92.03202057,90.1283493,88.82093048,88.27210236,93.52438354,95.50691986,97.17585754,97.83010864,97.77391815,97.02954102,95.6126709,95.4238205,98.78623962,99.04296112,99.12866974,99.4002533,,98.82834625,98.9031601,,,98.21077728,97.50917053,97.53801727,97.96357727,98.96482086,,,,,99.06228638,,,96.88456726,97.8187027,
Norway,NOR,"School enrollment, primary, female (% net)",SE.PRM.NENR.FE,,,,,,,,,,,,,,,,,99.98990631,,99.28418732,99.06591797,,98.58429718,98.36482239,,97.60668945,96.51468658,96.42194366,97.23586273,97.59951782,98.6519928,99.78498077,,99.70465088,98.85083008,98.4673996,98.15303802,98.30724335,84.34028625,99.83180237,99.70401764,99.83654785,99.84902191,99.8567276,99.89115143,99.43913269,98.66178131,98.92960358,99.15116119,99.39742279,99.31646729,99.23571014,99.50676727,99.90126801,99.80371094,99.7868576,99.62033844,99.69100189,
Nepal,NPL,"School enrollment, primary, female (% net)",SE.PRM.NENR.FE,,,,,,,,,,,,,,,,,,,,,,,,34.57931137,36.65209961,,,,43.33153152,,,,,,,,,,,57.4728508,64.61930847,,,74.62454987,75.49064636,,,,,,,97.59314728,,,93.48078156,95.7213974,96.21060181,93.253479
Nauru,NRU,"School enrollment, primary, female (% net)",SE.PRM.NENR.FE,,,,,,,,,,,,,,,,,,,,,,,,,,,,,,,,,,,,,,,,,,,,,,,,,,,,,77.93904114,,84.92597961,,85.39604187,
New Zealand,NZL,"School enrollment, primary, female (% net)",SE.PRM.NENR.FE,,,,,,,,,,,,,,99.4593277,99.14273071,,,,,,,,,98.01423645,,,,,,,,98.81623077,97.34668732,,97.17951965,98.6350174,98.88262939,,99.16943359,99.17082977,99.02591705,96.92591858,96.55890656,97.68981934,97.83499146,98.51698303,98.62631989,99.38703918,99.29846954,99.4380722,99.483078,99.3290863,98.47943115,98.05683136,97.61608887,97.96566772,98.85896301,
OECD members,OED,"School enrollment, primary, female (% net)",SE.PRM.NENR.FE,,,,,,,,,,,,,,,,,,,,,,,,,,,,,,,,,,,,,,94.37653351,95.90261841,96.5221405,96.60669708,96.88259888,96.28391266,96.28740692,95.83843231,95.84266663,96.15421295,96.45313263,96.69683838,96.36509705,96.08348846,96.13686371,95.80198669,95.70326233,95.84274292,96.13819122,96.1018219,
Oman,OMN,"School enrollment, primary, female (% net)",SE.PRM.NENR.FE,,,,,,,,,,,,,,4.900809765,9.401579857,14.56599998,16.67843056,,22.56068993,25.96711922,,31.59412956,34.78522873,39.89616013,46.75114059,51.55054092,60.53199005,61.70389175,61.73503876,63.09072113,64.79915619,66.56391907,68.1998291,72.59786987,74.53655243,75.82888031,77.89230347,79.31767273,80.14438629,81.57312012,82.31677246,83.77832794,83.10166168,81.27091217,,,,,,91.47344208,,96.17607117,96.76875305,94.45429993,94.2766571,94.37506104,94.88184357,
Other small states,OSS,"School enrollment, primary, female (% net)",SE.PRM.NENR.FE,,,,,,,,,,,,,,,,70.30532074,72.05330658,,72.32187653,,,74.53437805,,,,77.76390076,,,,76.07549286,,,,,,,,75.04588318,75.11179352,75.27584076,78.14328766,79.41506958,79.94795227,80.29102325,79.80766296,79.79593658,80.52786255,80.15350342,80.17655945,80.46386719,81.61171722,82.45198059,82.98873901,82.46083069,82.19429016,82.21101379,82.12200165,
Pakistan,PAK,"School enrollment, primary, female (% net)",SE.PRM.NENR.FE,,,,,,,,,,,,,,,,,,,,,,,,,,,,,,,,,,,,,,,,,,,47.46720886,50.9708519,55.94322968,59.32434845,58.14376068,64.22389221,65.3363266,67.08323669,68.25285339,65.82377625,65.91928864,64.68482208,66.70007324,67.65489197,71.39707947,
Panama,PAN,"School enrollment, primary, female (% net)",SE.PRM.NENR.FE,,,,,,,,,,,74.69843292,82.89919281,85.41692352,87.36370087,,88.8086319,88.82808685,,90.779953,89.60736847,88.27056885,86.97968292,86.00038147,84.73252869,84.37583923,85.07083893,84.57711029,85.65486908,85.0615387,86.72785187,86.83918762,,,,,,,,,92.79857635,94.68660736,95.82106781,97.73853302,,97.54206085,96.96851349,97.62021637,97.4210968,96.27912903,93.3859024,94.78720093,94.03130341,93.36534882,92.50453949,90.24681854,86.92034149,,
Peru,PER,"School enrollment, primary, female (% net)",SE.PRM.NENR.FE,,,,,,,,,,,72.40940857,,,,,,,,,,,88.78659821,,,,,,,,,,,,93.28077698,,88.11335754,,,97.53513336,,,,,,97.24697876,97.13613892,97.05269623,96.86882782,96.89438629,96.99495697,97.02986145,96.41195679,90.91880035,93.23213196,93.08381653,94.3669281,95.46734619,
Philippines,PHL,"School enrollment, primary, female (% net)",SE.PRM.NENR.FE,,,,,,,,,,,,,,,,,,,,,,92.69703674,94.3082962,92.59156799,88.39642334,,93.87481689,93.24697876,96.72962952,98.20786285,97.54180145,,,,,,,,90.19541168,89.24839783,,90.29679108,90.77615356,90.77999115,90.35333252,89.61881256,87.86551666,88.29087067,89.56461334,91.45909119,,,,97.75383759,,96.34545135,,
Palau,PLW,"School enrollment, primary, female (% net)",SE.PRM.NENR.FE,,,,,,,,,,,,,,,,,,,,,,,,,,,,,,,,,,,,,,,,,,,,,,,,,,,,,,,,,,
Papua New Guinea,PNG,"School enrollment, primary, female (% net)",SE.PRM.NENR.FE,,,,,,,,,,,,,,,,,,,,,,,,,,,,,,56.14144897,,,,,,,,,,,,,,,,,,,,,,,80.5772934,,,,,
Poland,POL,"School enrollment, primary, female (% net)",SE.PRM.NENR.FE,,,,,,,,,,,,,,,,,,,,,,,,,,,,,,,,,,,,,,,,97.01503754,96.55130005,96.3829422,95.5174408,94.65109253,93.85691071,93.26605225,93.29924774,93.37174988,93.46296692,94.13201904,94.6113205,94.6870575,95.22126007,95.49846649,95.2383194,95.00643158,94.93540192,
Pre-demographic dividend,PRE,"School enrollment, primary, female (% net)",SE.PRM.NENR.FE,,,,,,,,,,,,,,31.8225708,33.75614929,35.41186142,36.92749023,40.10855865,43.93201065,48.36354828,50.4135704,52.02307892,52.50947189,52.98171997,52.64561844,51.32373047,49.59307861,48.12129974,47.6059494,46.27006912,46.24642944,47.50492859,47.01356125,47.95185089,48.22130966,48.61650848,46.31225967,49.60577011,50.41563034,51.48590851,53.24512863,55.12472916,57.86444855,61.46934128,63.5974617,64.56951141,66.34256744,67.71734619,68.65261841,69.11118317,69.38574982,70.61022949,71.54125214,71.60695648,72.25006866,71.90242767,72.0202713,
Puerto Rico,PRI,"School enrollment, primary, female (% net)",SE.PRM.NENR.FE,,,,,,,,,,,,,,,,,,,,,,,,,,,,,,,,,,,,,,,,,,,,,,,,,,,89.21047974,81.64206696,82.57781982,81.82888794,82.37756348,80.5198822,,
"Korea, Dem. People’s Rep.",PRK,"School enrollment, primary, female (% net)",SE.PRM.NENR.FE,,,,,,,,,,,,,,,,,,,,,,,,,,,,,,,,,,,,,,,,,,,,,,,,,,94.09142303,,,,,,,,
Portugal,PRT,"School enrollment, primary, female (% net)",SE.PRM.NENR.FE,,,,,,,,,,,,,,87.57678223,87.462677,,91.85257721,92.79875183,95.33159637,,95.0210495,95.63497925,,,99.92085266,,,,,,,98.42823029,,,97.46588898,,,,,,,,,,,97.50140381,97.21298981,,,99.3024292,99.41744232,98.76593018,98.91737366,98.84159088,97.80828094,96.815979,96.03769684,
Paraguay,PRY,"School enrollment, primary, female (% net)",SE.PRM.NENR.FE,,,,,,,,,,,78.81057739,,80.07581329,,,78.17652893,79.01525879,79.98737335,81.64723206,82.90132141,84.99269104,86.9337616,91.29730988,87.15518188,86.89051056,86.93190002,85.90306091,86.8028183,88.40390778,90.53354645,92.13540649,94.23542023,95.01184845,95.47033691,91.80747986,,95.22290802,,,96.86984253,97.65244293,97.62400818,95.79244232,94.95169067,94.41150665,95.07440186,93.30979156,91.45082092,89.82868958,88.94776917,88.78623199,88.77226257,88.32611084,,,,,
West Bank and Gaza,PSE,"School enrollment, primary, female (% net)",SE.PRM.NENR.FE,,,,,,,,,,,,,,,,,,,,,,,,,,,,,,,,,,,,,,,,88.25624847,87.90657806,85.82714081,85.35295105,84.34233856,82.00868225,79.22872162,80.20575714,79.68876648,83.64317322,85.00772095,85.71315765,86.78904724,90.17295074,91.28723907,91.29815674,90.74607086,90.85076141,
Pacific island small states,PSS,"School enrollment, primary, female (% net)",SE.PRM.NENR.FE,,,,,,,,,,,,,,,,,,,,,,,,,,,,,,,,87.26300049,,,,90.75518036,87.26582336,,89.54400635,,86.14674377,88.52420807,90.40615082,91.75814819,90.5770874,91.87827301,92.12120819,90.8671875,90.72953033,90.04688263,90.64424133,90.02622223,88.81790924,87.57907867,86.90062714,87.17006683,87.83860016,
Post-demographic dividend,PST,"School enrollment, primary, female (% net)",SE.PRM.NENR.FE,,,,,,,,,,,,,,,,,,,,,,,,,,,,,,,,,,,,,,96.53244019,96.748909,96.61228943,96.56768036,96.89244843,96.24337006,96.0598526,95.43865204,95.69523621,96.24437714,96.60547638,97.00836182,96.68554688,96.0240097,96.00058746,95.75331116,95.58798981,95.74899292,96.21768951,96.22167969,
French Polynesia,PYF,"School enrollment, primary, female (% net)",SE.PRM.NENR.FE,,,,,,,,,,,,,,,,,,,,,,,,,,,,,,,,,,,,,,,,,,,,,,,,,,,,,,,,,,
Qatar,QAT,"School enrollment, primary, female (% net)",SE.PRM.NENR.FE,,,,,,,,,,,,74.57173157,83.78604126,85.79277802,84.345047,,90.93157959,88.8979187,92.76239777,93.39691162,,92.89076996,,91.03605652,92.33766174,91.96859741,95.2569809,88.85697174,88.25389099,86.92469025,84.49339294,80.65711975,77.54966736,77.55950928,82.26238251,,,,,95.26158905,97.97911072,94.25267792,91.36933136,94.22215271,88.53214264,,92.13954163,93.13246918,,93.0602417,92.31877136,93.37737274,94.16172791,91.11187744,90.95896149,92.55236053,93.29509735,
Romania,ROU,"School enrollment, primary, female (% net)",SE.PRM.NENR.FE,,,,,,,,,,,,,,,,,,,,,,,,,,,,,,,,,,73.78005981,81.97878265,87.78063202,90.34616852,91.23832703,91.14907074,88.75917816,88.39742279,91.79605865,90.65380096,93.44534302,95.33769226,93.66533661,92.41280365,92.15749359,87.99881744,88.65402222,88.56204224,88.13152313,86.83724976,,,87.23731232,86.36917114,
Russian Federation,RUS,"School enrollment, primary, female (% net)",SE.PRM.NENR.FE,,,,,,,,,,,,,,,,,,,,,,,,,,,,,,,,,,,96.85192871,93.44271851,,,,,,,,,,,90.24584198,90.43112946,92.41996765,93.96166229,,95.46894073,96.38455963,96.27216339,95.47648621,96.68966675,97.03974915,
Rwanda,RWA,"School enrollment, primary, female (% net)",SE.PRM.NENR.FE,,,,,,,,,,,,,,50.09120178,47.99282837,46.38243103,,50.61740875,53.25141907,,,,,,,,,,,,,,,,,,,,,81.33112335,,,84.06244659,89.83690643,,,,,,,,,,,,,96.36675262,
South Asia,SAS,"School enrollment, primary, female (% net)",SE.PRM.NENR.FE,,,,,,,,,,,,,,,,,,,,,,,,,,,,55.28998184,58.28834915,61.56639862,61.62789917,61.85715866,62.69242096,64.73893738,66.38420105,66.56311798,66.82260132,66.79486847,65.74742889,66.64121246,68.72695923,69.21045685,70.67993164,78.32359314,80.90335846,82.84625244,84.51004028,86.38372803,86.90901947,87.81755066,88.22109222,87.64259338,88.34130096,88.76322937,89.0815506,89.49533844,89.74994659,
Saudi Arabia,SAU,"School enrollment, primary, female (% net)",SE.PRM.NENR.FE,,,,,,,,,,,,,,,,,,,,31.37882042,,,,,,,,,,,,,,,,,,,,,,,,,,,,,,90.11065674,96.40794373,96.54228973,99.59916687,,,,,
Sudan,SDN,"School enrollment, primary, female (% net)",SE.PRM.NENR.FE,,,,,,,,,,,,,,,,,,,,,,,,,,,,,,,,,,,,,,,,,,,,,,,,,,,,55.57246017,56.81843185,,,,,
Senegal,SEN,"School enrollment, primary, female (% net)",SE.PRM.NENR.FE,,,,,,,,,,,,,,,,,,,24.87603951,26.99484062,27.99107933,28.93730927,30.31650925,31.97237968,32.83469009,33.69498062,37.32220078,,38.6346817,,38.22111893,,38.15480042,,,,43.78023148,48.25273895,51.39178848,50.15385818,54.08026123,,,61.71194839,61.71361923,63.2201004,66.01441956,69.10057068,70.65705872,71.4287262,72.80477905,73.61057281,76.06375885,74.93283081,75.60756683,76.01529694,75.991539,
Singapore,SGP,"School enrollment, primary, female (% net)",SE.PRM.NENR.FE,,,,,,,,,,,,,,,,,,,,,,,,,,,,,,,,,,,,,,,,,,,,,,,,,,,,,,,,,,
Solomon Islands,SLB,"School enrollment, primary, female (% net)",SE.PRM.NENR.FE,,,,,,,,,,,,,,,,,,,,,,,,,,,,,,,,,,,,,,,,,,,,,,73.99163818,78.9613266,79.25537872,,,,,,70.97351837,69.96341705,70.73388672,72.89054108,
Sierra Leone,SLE,"School enrollment, primary, female (% net)",SE.PRM.NENR.FE,,,,,,,,,,,,,,,,,,,,,,,,35.96099091,,,,,,,,,,,,,,,,,,,,,,,,,,,,,91.36636353,96.4868927,,92.54628754,98.57038879,
El Salvador,SLV,"School enrollment, primary, female (% net)",SE.PRM.NENR.FE,,,,,,,,,,,63.73220062,,,,,,,,,,,,,75.40122986,,,,,,,,,,,,,,,88.25498199,,89.21576691,89.92297363,91.53153229,93.55130768,,94.59268188,94.9362793,94.44606781,94.7110672,94.63478851,94.45214844,94.21353912,93.486763,91.0442276,88.84853363,86.45630646,85.28292084,
San Marino,SMR,"School enrollment, primary, female (% net)",SE.PRM.NENR.FE,,,,,,,,,,,,,,,,,,,,,,,,,,,,,,,,,,,,,,,,,,,,,,,,,,92.97364807,,,92.25805664,,,,,
Somalia,SOM,"School enrollment, primary, female (% net)",SE.PRM.NENR.FE,,,,,,,,,,,,,,,,,15.4148798,14.06126976,11.68424988,11.63084984,10.82781029,,,,,,,,,,,,,,,,,,,,,,,,,,,,,,,,,,,,,
Serbia,SRB,"School enrollment, primary, female (% net)",SE.PRM.NENR.FE,,,,,,,,,,,,,,,,,,,,,,,,,,,,,,,,,,,,,,,,,,,,,,,99.88960266,98.28936768,96.85798645,93.66779327,92.48980713,95.82157898,94.52616882,95.02420044,96.42208099,96.28646088,95.75701141,
Sub-Saharan Africa (excluding high income),SSA,"School enrollment, primary, female (% net)",SE.PRM.NENR.FE,,,,,,,,,,,,,,,,38.23965073,39.22779846,41.59843063,44.1375618,47.24158859,49.54013062,51.66402817,53.24919128,53.58156967,52.97082901,51.71657944,50.06805038,48.97615814,48.36651993,48.84317017,48.34389114,49.49816895,49.4068985,49.96876144,50.3213501,50.77407074,49.2478981,52.13999176,53.07036972,54.18371964,56.30046082,58.15834045,59.56433868,62.05939865,63.96316147,66.08441925,67.96911621,69.83239746,71.18656158,71.52887726,71.45855713,72.9431076,73.67449188,74.34242249,74.85852051,74.65077209,74.70510101,
South Sudan,SSD,"School enrollment, primary, female (% net)",SE.PRM.NENR.FE,,,,,,,,,,,,,,,,,,,,,,,,,,,,,,,,,,,,,,,,,,,,,,,,,,,,33.91847992,,,,27.73212051,,
Sub-Saharan Africa,SSF,"School enrollment, primary, female (% net)",SE.PRM.NENR.FE,,,,,,,,,,,,,,,,38.24827957,39.23569107,41.60578918,44.14442062,47.24757004,49.54518127,51.66884995,53.25379181,53.58594131,52.9749794,51.72093964,50.07273102,48.98054886,48.37068176,48.84725952,48.34819031,49.50233841,49.4108696,49.97259903,50.32546997,50.77812958,49.25202179,52.14363098,53.07384109,54.18677139,56.30295181,58.16065979,59.56695175,62.06177902,63.96533966,66.08631897,67.97070313,69.8338089,71.18782043,71.5300827,71.45987701,72.94441986,73.67578125,74.34365845,74.85971069,74.65196228,74.70623016,
Small states,SST,"School enrollment, primary, female (% net)",SE.PRM.NENR.FE,,,,,,,,,,,,,,,,79.00351715,79.58660126,,80.05539703,,79.79859161,,81.50524139,81.7195816,82.10443115,82.53684235,82.09339905,82.17508698,81.81014252,81.59558105,80.22123718,,,,,79.38253021,,79.59855652,79.69468689,79.52410889,81.4608078,82.4123764,82.77723694,83.01164246,82.76110077,82.74475098,83.30084991,83.01660919,83.16454315,83.25456238,84.18006134,84.74622345,85.05957031,84.50086212,84.2024765,84.24196625,84.18292999,
Sao Tome and Principe,STP,"School enrollment, primary, female (% net)",SE.PRM.NENR.FE,,,,,,,,,,,,,,,,,,,,,,,,95.48636627,95.39851379,,,,91.54988098,,,,,,,,,,,80.42144775,,,92.49466705,96.18052673,,94.37609863,,90.22971344,90.50411987,92.83455658,92.28897095,,,91.0499115,90.61953735,89.32235718,,95.71736145
Suriname,SUR,"School enrollment, primary, female (% net)",SE.PRM.NENR.FE,,,,,,,,,,,,,,,,,,93.42855072,94.3010788,,,,,,,,,,,,,,,,,,,,,,,,,,,83.50675964,85.78617859,83.72123718,90.71965027,95.02783203,92.18876648,91.15553284,91.96970367,91.89086151,92.47251892,93.6849823,95.04060364,
Slovak Republic,SVK,"School enrollment, primary, female (% net)",SE.PRM.NENR.FE,,,,,,,,,,,,,,,,,,,,,,,,,,,,,,,,,,,,,,,,,,,,,,,,,,,,,,,,,,
Slovenia,SVN,"School enrollment, primary, female (% net)",SE.PRM.NENR.FE,,,,,,,,,,,,,,,,,,,,,,,,,,,,,,,,,,,,92.92234802,94.63157654,95.06165314,95.21517944,94.05918884,94.61235809,93.74774933,94.22960663,95.33013916,97.39585114,96.49146271,96.06329346,96.74688721,97.04232025,97.26647186,97.66171265,98.13739014,98.77065277,98.22795105,98.06967163,98.36837769,,
Sweden,SWE,"School enrollment, primary, female (% net)",SE.PRM.NENR.FE,,,,,,,,,,,,,,,,,,,,,,,96.33670807,,,,,98.05596924,98.41472626,98.75798035,99.54328156,99.83750153,,,,,,,,,99.10266113,,99.30805206,98.77722168,96.60185242,95.2061615,94.94789124,96.090271,98.11686707,99.02999878,99.0530777,99.24079132,99.50038147,99.4197464,99.52301025,99.36257935,,
Eswatini,SWZ,"School enrollment, primary, female (% net)",SE.PRM.NENR.FE,,,,,,,,,,,56.1006813,56.06248856,58.02761078,60.84582138,62.35218048,64.99904633,66.0198288,67.18299866,67.90444946,69.16795349,,74.42809296,74.22673035,74.07234955,74.09304047,75.90023804,74.51233673,75.26693726,74.43000793,74.3764801,76.24041748,76.00409698,76.38143921,74.74403381,75.49804688,76.19033813,73.74239349,,,,,,,,,,,,,74.28967285,79.09986115,77.99829102,78.24259186,75.70805359,76.63549042,75.74738312,,
Sint Maarten (Dutch part),SXM,"School enrollment, primary, female (% net)",SE.PRM.NENR.FE,,,,,,,,,,,,,,,,,,,,,,,,,,,,,,,,,,,,,,,,,,,,,,,,,,,,,,,,,,
Seychelles,SYC,"School enrollment, primary, female (% net)",SE.PRM.NENR.FE,,,,,,,,,,,,,,,,,,,,85.77868652,,,,,,,,,,,,,,87.32102203,91.88223267,93.17891693,93.17601776,,,,86.05682373,86.88668823,93.2378006,94.21418762,95.04472351,94.73690796,,,,,,,,,,,,
Syrian Arab Republic,SYR,"School enrollment, primary, female (% net)",SE.PRM.NENR.FE,,,,,,,,,,,,54.53102875,,64.77191162,,,,,70.67829132,71.65628815,74.63191986,75.87661743,77.6257019,78.87999725,81.55799103,83.88292694,86.26912689,90.31360626,90.36515808,90.98338318,90.57479095,,,,,,92.60984802,92.01428223,90.93839264,,,,,,,,88.99453735,90.11920929,90.83966064,91.74144745,,,,62.41313934,,,,
Turks and Caicos Islands,TCA,"School enrollment, primary, female (% net)",SE.PRM.NENR.FE,,,,,,,,,,,,,,,,,,,,,,,,,,,,,,,,,,,,,,,,,,,,,,,,,,,,,,,,,,
Chad,TCD,"School enrollment, primary, female (% net)",SE.PRM.NENR.FE,,,,,,,,,,,,,,,,13.50133991,,13.83697987,,,,,,,,,,,20.73638916,,,,,,,,,30.7972908,35.48559952,38.25819016,40.70323944,42.46049881,45.38631058,47.30620956,,,,,,,,54.16397095,,68.47718811,,,,
East Asia & Pacific (IDA & IBRD countries),TEA,"School enrollment, primary, female (% net)",SE.PRM.NENR.FE,,,,,,,,,,,,,,,,,,,,,,,,,,,,,,,,,,,90.52197266,89.57575226,89.21098328,88.91210175,91.35101318,93.64929199,93.86991882,94.15760803,96.44374084,96.05094147,96.17532349,93.96589661,93.61620331,94.77884674,94.8572998,95.28489685,95.71678925,96.186203,95.75887299,95.36633301,95.06887054,94.92056274,94.96144867,
Europe & Central Asia (IDA & IBRD countries),TEC,"School enrollment, primary, female (% net)",SE.PRM.NENR.FE,,,,,,,,,,,,,,,,,,,,,,,,,,,,,,,,,,92.60942078,92.21578979,91.11058807,89.97080994,87.88848114,89.39360809,91.31131744,90.61924744,91.25398254,91.98021698,93.5815506,93.15338135,91.76747894,91.96740723,92.17687988,92.40412903,92.14598083,92.90260315,93.07898712,92.98483276,93.44335938,93.60257721,93.95747375,94.1111908,
Togo,TGO,"School enrollment, primary, female (% net)",SE.PRM.NENR.FE,,,,,,,,,,,,32.22932053,34.52219009,,,,,,53.79494095,55.89810181,56.81116104,,54.98905182,54.7220192,47.77661133,46.34040833,42.86991119,49.55815887,50.44746017,50.80500031,52.6593895,55.47216034,,,52.38402939,60.42982864,66.58821106,64.91184235,,,,77.41133881,,79.07180786,81.88424683,81.77993011,,82.51087189,83.88522339,,,,,,86.52687073,,81.14663696,
Thailand,THA,"School enrollment, primary, female (% net)",SE.PRM.NENR.FE,,,,,,,,,,,,,,71.72325897,72.58535004,,,,,,,,,,,,,,,,,,,,,,,,,,,,,,,,98.03986359,97.62484741,97.16725159,97.79109955,,,,,90.78225708,86.63282013,,
Tajikistan,TJK,"School enrollment, primary, female (% net)",SE.PRM.NENR.FE,,,,,,,,,,,,,,,,,,,,,,,,,,,,,,,,,,,,,,,,,91.17247772,90.5716629,94.23535156,94.72995758,94.88230133,95.46070862,94.74360657,93.80728912,96.16294098,96.20555115,96.69998169,96.03656006,96.58432007,96.56877136,94.75431061,93.70516968,93.65865326,97.02689362
Turkmenistan,TKM,"School enrollment, primary, female (% net)",SE.PRM.NENR.FE,,,,,,,,,,,,,,,,,,,,,,,,,,,,,,,,,,,,,,,,,,,,,,,,,,,,,,,,,,
Latin America & the Caribbean (IDA & IBRD countries),TLA,"School enrollment, primary, female (% net)",SE.PRM.NENR.FE,,,,,,,,,,,81.60832977,81.9958725,82.52246094,83.22850037,83.82183075,83.94618988,84.58879089,85.5923996,86.14849854,87.69566345,87.99138641,89.08061981,89.1147995,89.14692688,89.11582184,89.55210114,89.55119324,89.76499176,89.63253784,89.03050995,89.63786316,90.03829956,90.80024719,91.06053162,90.60468292,90.60668945,91.07263184,89.52230835,92.56211853,93.12815094,93.93826294,94.41790009,94.01434326,93.21292114,93.51290131,94.02954102,93.58908844,93.29530334,94.26226044,94.61316681,94.80513,94.8861618,94.75962067,92.82662201,92.97976685,93.10021973,93.07736206,
Timor-Leste,TLS,"School enrollment, primary, female (% net)",SE.PRM.NENR.FE,,,,,,,,,,,,,,,,,,,,,,,,,,,,,,,,,,,,,,,,,,,,,,,,,68.43467712,76.16497803,86.0643692,91.29776764,90.7456131,89.59612274,87.96604919,85.0354538,81.32243347,
Middle East & North Africa (IDA & IBRD countries),TMN,"School enrollment, primary, female (% net)",SE.PRM.NENR.FE,,,,,,,,,,,44.6089592,44.56491089,47.81595993,,,,,,,,,,,,,,,,,,,,,,78.15837097,76.40157318,79.05745697,78.82987213,78.55243683,78.7716217,79.74601746,82.35813904,84.60986328,85.65087891,87.13561249,87.20826721,87.81263733,90.07540894,90.55400085,90.90458679,91.9733429,91.91869354,92.84929657,91.05995941,90.4779892,90.61585236,91.05329132,
Tonga,TON,"School enrollment, primary, female (% net)",SE.PRM.NENR.FE,,,,,,,,,,,87.63336945,87.40934753,94.03534698,,89.04193115,97.33628845,,,,,,,,92.98091125,,98.12760925,96.5163269,,,,93.15326691,,,93.43096161,,,,,92.67764282,87.71563721,,,,,,,,,,,,,,94.03700256,,,,
South Asia (IDA & IBRD),TSA,"School enrollment, primary, female (% net)",SE.PRM.NENR.FE,,,,,,,,,,,,,,,,,,,,,,,,,,,,55.28998184,58.28834915,61.56639862,61.62789917,61.85715866,62.69242096,64.73893738,66.38420105,66.56311798,66.82260132,66.79486847,65.74742889,66.64121246,68.72695923,69.21045685,70.67993164,78.32359314,80.90335846,82.84625244,84.51004028,86.38372803,86.90901947,87.81755066,88.22109222,87.64259338,88.34130096,88.76322937,89.0815506,89.49533844,89.74994659,
Sub-Saharan Africa (IDA & IBRD countries),TSS,"School enrollment, primary, female (% net)",SE.PRM.NENR.FE,,,,,,,,,,,,,,,,38.24827957,39.23569107,41.60578918,44.14442062,47.24757004,49.54518127,51.66884995,53.25379181,53.58594131,52.9749794,51.72093964,50.07273102,48.98054886,48.37068176,48.84725952,48.34819031,49.50233841,49.4108696,49.97259903,50.32546997,50.77812958,49.25202179,52.14363098,53.07384109,54.18677139,56.30295181,58.16065979,59.56695175,62.06177902,63.96533966,66.08631897,67.97070313,69.8338089,71.18782043,71.5300827,71.45987701,72.94441986,73.67578125,74.34365845,74.85971069,74.65196228,74.70623016,
Trinidad and Tobago,TTO,"School enrollment, primary, female (% net)",SE.PRM.NENR.FE,,,,,,,,,,,,93.45187378,92.59156799,91.884758,91.63890076,92.61164856,96.26374817,96.2313385,94.71309662,90.07195282,86.64034271,92.41999054,93.04128265,94.0821228,92.66699982,93.08750916,91.37419891,93.04466248,93.99772644,92.35875702,91.88461304,89.69107056,89.23525238,88.53266144,,,88.74021912,88.83834076,,93.9296875,93.80435944,92.99717712,90.35830688,90.54476166,91.31060791,88.35114288,,92.8126297,94.02210999,94.83383942,94.80187225,,,,,,,
Tunisia,TUN,"School enrollment, primary, female (% net)",SE.PRM.NENR.FE,,,,,,,,,,,,64.01490784,,,,61.3212204,,,65.10659027,67.39511108,69.66130066,72.22664642,75.71370697,79.4061203,,,,,,,88.69693756,90.16680908,91.03742218,92.4151001,92.82437134,93.62856293,92.91265106,92.31841278,,92.22891998,94.15033722,96.45496368,,,,98.66197968,97.27552032,95.8710022,95.88728333,97.17556,,,,,,,,
Turkey,TUR,"School enrollment, primary, female (% net)",SE.PRM.NENR.FE,,,,,,,,,,,,,,,76.44075775,,,,,,,,,,,,,,,,,,,,88.84893036,88.32266235,,76.69667816,,90.82079315,,,,,,,96.19806671,97.08731079,96.57569885,94.48796844,95.3649292,94.58232117,92.02007294,92.62371826,94.15850067,94.38218689,,
Tuvalu,TUV,"School enrollment, primary, female (% net)",SE.PRM.NENR.FE,,,,,,,,,,,,,,,,,,,,,,,,,,,,,,,,,,,,,,,,,,,,,,,,,,,,,,,,,,
Tanzania,TZA,"School enrollment, primary, female (% net)",SE.PRM.NENR.FE,,,,,,,,,,,,,,,,,,,,,,67.9443512,63.92166901,63.3456192,,57.5911293,56.37443924,54.5740509,52.74946976,52.5311203,51.78490067,51.01092148,50.9942894,50.42013168,49.43914032,49.27217865,49.3609314,49.82080078,49.35316849,49.78654099,53.14384079,56.89249039,70.65641785,78.32544708,82.5280838,86.70477295,92.35514832,,93.79707336,,87.61756134,,83.15735626,80.02594757,79.6366806,,,
Uganda,UGA,"School enrollment, primary, female (% net)",SE.PRM.NENR.FE,,,,,,,,,,,,,,,,,,,,33.17238998,,36.61312103,39.54125977,,,,53.40513992,,,,,,,,,,,,,,,,,,,,,,,92.04245758,88.87552643,91.60196686,,92.25881195,,,,
Ukraine,UKR,"School enrollment, primary, female (% net)",SE.PRM.NENR.FE,,,,,,,,,,,,,,,,,,,,,,,,,,,,,,,,,,,,,,,,,,,93.55808258,88.54708099,87.76470184,89.35694885,88.13008881,87.54997253,87.51085663,87.92070007,90.65804291,93.01931763,94.21044159,94.73590851,93.40599823,,,
Upper middle income,UMC,"School enrollment, primary, female (% net)",SE.PRM.NENR.FE,,,,,,,,,,,,,,,,,,,,,,,,,,,86.00154877,89.07016754,,,,92.53566742,92.09407806,91.51953125,90.59448242,89.78373718,89.27284241,88.97624969,91.22247314,93.52902985,93.86325073,94.43222809,96.63786316,96.69326019,96.948349,95.2984314,94.6366806,95.08705139,95.26483154,95.26793671,95.07440948,94.99326324,94.86551666,94.29789734,94.52430725,94.56134796,94.5324173,
Uruguay,URY,"School enrollment, primary, female (% net)",SE.PRM.NENR.FE,,,,,,,,,,,,,,,,,,,,,,,,,86.22212219,,,,,,,92.53954315,94.33493805,95.06648254,93.39877319,92.94187927,92.59645081,92.63838959,,,,,,,,97.23078918,,97.89465332,98.69962311,98.76544952,,,,99.07778168,94.18197632,97.18955994,,
United States,USA,"School enrollment, primary, female (% net)",SE.PRM.NENR.FE,,,,,,,,,,,,,,,,,,,,,,,,,,,94.27899933,96.1086731,,,98.96708679,98.67434692,,96.65415192,96.42521667,97.13514709,96.14631653,,,94.81204987,94.70278168,95.39263916,93.41291046,93.15926361,91.9329834,92.39716339,93.9553299,94.9462738,95.56359863,94.74062347,92.91564178,92.62445831,91.99391174,91.76142883,92.62161255,93.48220062,,
Uzbekistan,UZB,"School enrollment, primary, female (% net)",SE.PRM.NENR.FE,,,,,,,,,,,,,,,,,,,,,,,,,,,,,,,,,,,,,,,,,,,,,,,,89.14550018,87.79905701,87.20262146,88.03070068,88.40982056,90.23310852,91.62982941,92.87297058,93.56302643,94.24562073,95.29322052
St. Vincent and the Grenadines,VCT,"School enrollment, primary, female (% net)",SE.PRM.NENR.FE,,,,,,,,,,,,,,,,,,,,,,,,,93.70039368,,97.0774765,,,,,,,,,,,,,,,,,,,94.30252838,,,,,,91.34499359,,90.05899811,84.76821136,93.82697296,93.28266144,
"Venezuela, RB",VEN,"School enrollment, primary, female (% net)",SE.PRM.NENR.FE,,,,,,,,,,,,,,,,,,,,,,,,,,,,,,,,,,,,,,,,84.0530014,86.23365784,88.72190857,91.63143158,90.2921524,90.46720123,89.75402069,89.72946167,90.8599472,88.92463684,90.7813797,91.21118164,91.54476166,90.40003967,89.7849884,90.28234863,89.20863342,86.44847107,
British Virgin Islands,VGB,"School enrollment, primary, female (% net)",SE.PRM.NENR.FE,,,,,,,,,,,,,,,,,,,,,,,,,,,,,,,,,,,,,,,,,,,,,,,,,,,,,,,,,,
Virgin Islands (U.S.),VIR,"School enrollment, primary, female (% net)",SE.PRM.NENR.FE,,,,,,,,,,,,,,,,,,,,,,,,,,,,,,,,,,,,,,,,,,,,,,,,,,,,,,,,,,
Vietnam,VNM,"School enrollment, primary, female (% net)",SE.PRM.NENR.FE,,,,,,,,,,,,,,,,,,,,,,,,,,,,,,,,,,,,,,,,,,,,,,,,,,,,,,,,,,
Vanuatu,VUT,"School enrollment, primary, female (% net)",SE.PRM.NENR.FE,,,,,,,,,,,,,,,,,,,,,,83.82182312,,,,,,,,74.16702271,,,,,,,,,,96.5644989,,,,,95.98374939,,,,,,,,,,,87.09089661,,
World,WLD,"School enrollment, primary, female (% net)",SE.PRM.NENR.FE,,,,,,,,,,,64.35121155,63.80049896,,67.70355988,,,,,,,70.50167847,71.5340271,,,,,,75.99157715,,,,77.84116364,77.54489136,77.83908844,78.10484314,77.86451721,77.77200317,77.92790985,78.75797272,79.80513763,80.63948822,81.10327148,82.0901413,84.14147949,85.27259064,85.41210175,86.0194397,87.12689209,87.58773804,87.88227081,88.01796722,88.20789337,88.38678741,88.21708679,88.279953,88.31182861,88.35809326,
Samoa,WSM,"School enrollment, primary, female (% net)",SE.PRM.NENR.FE,,,,,,,,,,,,,,,,,,,,,,,,,,,,,,,,,,,95.00396729,,,,96.18292236,90.64206696,90.65426636,87.6492691,,,,,,,,,95.59362793,94.93183136,95.79412079,,96.67733002,96.37227631,96.10664368,
Kosovo,XKX,"School enrollment, primary, female (% net)",SE.PRM.NENR.FE,,,,,,,,,,,,,,,,,,,,,,,,,,,,,,,,,,,,,,,,,,,,,,,,,,,,,,,,,,
"Yemen, Rep.",YEM,"School enrollment, primary, female (% net)",SE.PRM.NENR.FE,,,,,,,,,,,,,,,,,,,,,,,,,,,,,,,,,,,,,,,,40.78475189,,,,57.89995956,61.31100845,65.11550903,,,68.38144684,,72.60289001,,76.19233704,77.48097992,,,77.73005676,
South Africa,ZAF,"School enrollment, primary, female (% net)",SE.PRM.NENR.FE,,,,,,,,,,,65.26846313,,,,,,,,,,,,,,,,,,,,,88.23668671,,,92.10172272,93.28056335,,,89.35449219,90.37262726,88.06928253,88.62284851,88.44351196,88.73217773,87.32930756,85.94867706,,,,,,,,,,77.61100006,,
Zambia,ZMB,"School enrollment, primary, female (% net)",SE.PRM.NENR.FE,,,,,,,,,,,,,72.63976288,,,,76.08068848,76.41046143,75.77758789,75.76339722,75.98175812,76.16854858,76.06343842,77.54933167,78.52055359,,80.40318298,,78.95661926,,,,,,71.96035004,70.18177032,,,67.22003937,65.21800995,65.15464783,65.19828796,66.83215332,,80.21098328,88.74378967,88.68704987,88.58599091,,86.50321198,84.4183197,87.76904297,89.78395081,87.18785095,,,,
Zimbabwe,ZWE,"School enrollment, primary, female (% net)",SE.PRM.NENR.FE,,,,,,,,,,,,,,,,,,,,,,,,,,,,,,,,,,,,,,,84.99282074,86.09754944,86.51046753,88.83499908,85.36605072,84.21997833,,,,,,,,,88.49317932,85.46283722,,,,